ckpt,features,target,alpha,cov_marg,w_marg,cov_norm,w_norm,cov_mond_flag,w_mond_flag,cov_mond_gap,w_mond_gap,cov_intr_marg,cov_intr_mond,selected,fdp,power
id,spectral,eps_HOMO,0.1,0.90107,1.448915952171895,,,0.90152,1.32256474136805,0.90148,1.2284290798511701,0.6140871397073505,0.8826797603467765,,,
id,spectral,eps_HOMO,0.05,0.9519300000000002,1.943983081131825,,,0.9502900000000001,1.6124684432976748,0.9499600000000001,1.4502395746764702,0.6713501884538571,0.9477442872987458,,,
id,spectral,eps_LUMO,0.1,0.9015699999999999,4.705839451828416,,,0.9002800000000001,3.6553393938998693,0.9020699999999999,3.2621194801753446,0.015888516503193357,0.5318935218163923,,,
id,spectral,eps_LUMO,0.05,0.9494499999999999,41.37587486492203,,,0.95063,5.433522137810955,0.95099,4.664549752601376,0.22143789093300908,0.5730547047062566,,,
id,spectral,gap,0.1,0.9011799999999999,5.934144011821284,,,0.9011800000000001,4.673387705718923,0.9007999999999999,4.123152774304335,0.019769893446177363,0.5312152387069571,,,
id,spectral,gap,0.05,0.9493799999999999,41.7168560381006,,,0.9504699999999998,6.637231813468374,0.9514700000000001,5.59233032266468,0.22054338656237288,0.5769817813339226,,,
id,spectral,sB_HOMO,0.1,0.90144,0.04050469531892302,0.9019600000000001,0.037772544423976234,0.9013100000000002,0.03434510753588394,0.90174,0.034699359409683224,0.42155059991114535,0.7899329452791366,,,
id,spectral,sB_HOMO,0.05,0.95074,0.07018665359641865,0.9500100000000001,0.054658434084122645,0.9512599999999999,0.0468664203389866,0.95138,0.04725099038376647,0.5468471327991427,0.9037891292215908,,,
id,spectral,sB_LUMO,0.1,0.9001500000000002,0.19514686194821315,0.9009699999999998,0.12645065953612683,0.9002399999999999,0.12674234458897973,0.9016,0.1615088184714057,0.0,0.5236645262093736,,,
id,spectral,sB_LUMO,0.05,0.94946,0.9805854525737419,0.9494400000000001,0.552194169844231,0.9500599999999999,0.27061065241526483,0.9507399999999999,0.2873637544234081,0.22020593810687855,0.5592648671027244,,,
id,spectral,FDR,0.002,,,,,,,,,,,0.0,0.0,0.0
id,spectral,FDR,0.005,,,,,,,,,,,0.02793,0.0028981737714909223,0.029542071053208573
id,spectral,FDR,0.01,,,,,,,,,,,0.18933999999999998,0.009074167790001338,0.20056895375155773
id,spectral,FDR,0.02,,,,,,,,,,,0.76542,0.02015461316916928,0.8026066322312557
id,spectral,FDR,0.05,,,,,,,,,,,0.9839099999999998,0.050840908275953146,1.0
id,fock,eps_HOMO,0.1,0.90107,1.448915952171895,0.89855,1.298535148492665,0.9013399999999999,1.3106284570497,0.90148,1.2284290798511701,0.6140871397073505,0.82342166092134,,,
id,fock,eps_HOMO,0.05,0.9519300000000002,1.943983081131825,0.9496399999999999,1.7549956047011641,0.9496100000000001,1.5900609817910047,0.9499600000000001,1.4502395746764702,0.6713501884538571,0.9065223311542739,,,
id,fock,eps_LUMO,0.1,0.9015699999999999,4.705839451828416,0.8983799999999998,2.4786837707210516,0.90134,3.1115908097535905,0.9020699999999999,3.2621194801753446,0.015888516503193357,0.8218008974606239,,,
id,fock,eps_LUMO,0.05,0.9494499999999999,41.37587486492203,0.95048,3.195979262162313,0.9495799999999999,3.790216835681855,0.95099,4.664549752601376,0.22143789093300908,0.9061208395871464,,,
id,fock,gap,0.1,0.9011799999999999,5.934144011821284,0.90167,3.2633383941949,0.90114,4.063649656738249,0.9007999999999999,4.123152774304335,0.019769893446177363,0.8204588439639862,,,
id,fock,gap,0.05,0.9493799999999999,41.7168560381006,0.94945,4.420084550219012,0.9509399999999999,4.88654916423374,0.9514700000000001,5.59233032266468,0.22054338656237288,0.9088060552222832,,,
id,fock,sB_HOMO,0.1,0.90144,0.04050469531892302,0.9001899999999999,0.033244849451122264,0.9008099999999999,0.02994965574933998,0.90174,0.034699359409683224,0.42155059991114535,0.8194378696318628,,,
id,fock,sB_HOMO,0.05,0.95074,0.07018665359641865,0.9496099999999998,0.04070812890713726,0.9503199999999999,0.040100329868732555,0.95138,0.04725099038376647,0.5468471327991427,0.9059269621739252,,,
id,fock,sB_LUMO,0.1,0.9001500000000002,0.19514686194821315,0.8996699999999999,0.09124164656335117,0.9006000000000001,0.09631121767089289,0.9016,0.1615088184714057,0.0,0.8150687844245011,,,
id,fock,sB_LUMO,0.05,0.94946,0.9805854525737419,0.9494400000000001,0.19491016160554747,0.95052,0.13129999325793718,0.9507399999999999,0.2873637544234081,0.22020593810687855,0.9037662298850183,,,
id,fock,F1_HOMO,0.1,0.90093,1.3188564297528598,0.9008099999999999,1.0372945253419479,0.9014,1.08231641255147,0.90044,1.1452068651049199,0.4016197412137167,0.817259538507346,,,
id,fock,F1_HOMO,0.05,0.9504699999999999,2.004369790717065,0.9499899999999999,1.2533114726100594,0.95102,1.35531129215697,0.95001,1.4653770165372697,0.4791427041694781,0.905546364285434,,,
id,fock,F1_LUMO,0.1,0.90181,1.3039787583186648,0.8999400000000002,0.994964066924795,0.89951,1.028098488912005,0.9006400000000001,1.1004188489225049,0.4547655550485808,0.8191600589990617,,,
id,fock,F1_LUMO,0.05,0.95128,1.9651992718691695,0.9508500000000002,1.245749534290468,0.9510100000000001,1.35852716605243,0.95052,1.38924960557459,0.5254262916725867,0.90762040996132,,,
id,fock,F1_gap,0.1,0.9003899999999998,1.5193014922768568,0.9003300000000001,1.1595282575045343,0.90116,1.2292250975632422,0.90255,1.1930827718493537,0.4986647962192146,0.8238689168946015,,,
id,fock,F1_gap,0.05,0.95095,2.27190752777557,0.9513400000000001,1.4485148178035707,0.9510200000000001,1.639763053253558,0.9505800000000001,1.5931025082463612,0.5659132644594858,0.9138899008989444,,,
id,fock,FDR,0.002,,,,,,,,,,,0.72943,0.001797987163921003,0.7796609343864767
id,fock,FDR,0.005,,,,,,,,,,,0.83162,0.0047335198149808175,0.8862855510554002
id,fock,FDR,0.01,,,,,,,,,,,0.8746499999999999,0.009443419856640668,0.9277290130065803
id,fock,FDR,0.02,,,,,,,,,,,0.9157500000000003,0.020396656093595342,0.9605768413127741
id,fock,FDR,0.05,,,,,,,,,,,0.9825099999999999,0.05065596758166356,0.9987698062136934
id,fock,FDR_F1,0.002,,,,,,,,,,,0.9615600000000001,0.0018113644960041498,0.9829119278777565
id,fock,FDR_F1,0.005,,,,,,,,,,,0.9792900000000001,0.00514568930451474,0.9976961912244343
id,fock,FDR_F1,0.01,,,,,,,,,,,0.98482,0.009420435148322349,0.9990173776399895
id,fock,FDR_F1,0.02,,,,,,,,,,,0.9957799999999999,0.019408156803421738,0.9999488228913108
id,fock,FDR_F1,0.05,,,,,,,,,,,1.0,0.0235,1.0
ood,spectral,eps_HOMO,0.1,0.8993833333333333,0.978008738842425,,,0.8994333333333335,0.9703068893254302,0.8978499999999998,0.9377468681133749,0.7193222878824302,0.8041435690440564,,,
ood,spectral,eps_HOMO,0.05,0.9490833333333333,1.1799908849409504,,,0.9492166666666669,1.165051179082555,0.9495166666666668,1.142368883226505,0.8177729365974651,0.9099560075233862,,,
ood,spectral,eps_LUMO,0.1,0.8977833333333333,4.075841701647249,,,0.8985500000000002,4.002674187429752,0.8981999999999999,3.8890123812386004,0.15182373137431535,0.36283800905427027,,,
ood,spectral,eps_LUMO,0.05,0.94765,5.10310963746339,,,0.94815,4.900170923988014,0.9491666666666667,5.1735835267618455,0.1602145434743471,0.3792258848875299,,,
ood,spectral,gap,0.1,0.8975,3.900267242895174,,,0.8984666666666667,3.834081444349876,0.8977666666666666,3.9813217413774504,0.12874752798134909,0.3387305192174465,,,
ood,spectral,gap,0.05,0.9479666666666666,5.078931919276645,,,0.9481833333333334,4.85658472165318,0.9488000000000001,5.039904165016476,0.1540892280902431,0.37211479625798816,,,
ood,spectral,sB_HOMO,0.1,0.9009000000000003,0.028266368815259752,0.8960999999999999,0.030097289867199693,0.9010666666666667,0.027654761366875398,0.9024500000000002,0.027419230927346373,0.6224897939559365,0.7632720017502708,,,
ood,spectral,sB_HOMO,0.05,0.9507333333333333,0.039935191582235116,0.9486666666666667,0.03700139603709027,0.9517833333333334,0.038524433883214,0.9506833333333333,0.04024635782448595,0.7775436616767839,0.9230302594511748,,,
ood,spectral,sB_LUMO,0.1,0.9020333333333334,0.20149147713492893,0.9011666666666667,0.1502942539622134,0.9033000000000001,0.195290108360056,0.9014833333333332,0.19207980677727915,0.0,0.21454108855020695,,,
ood,spectral,sB_LUMO,0.05,0.9515333333333332,0.33660786773167756,0.9509333333333334,0.20354729915899056,0.9520833333333334,0.30766368009033995,0.9523833333333334,0.3449692298664883,0.0,0.2243430708751568,,,
ood,spectral,FDR,0.002,,,,,,,,,,,0.0,0.0,0.0
ood,spectral,FDR,0.005,,,,,,,,,,,0.0,0.0,0.0
ood,spectral,FDR,0.01,,,,,,,,,,,0.24436666666666668,0.008850505658825999,0.2487995622770142
ood,spectral,FDR,0.02,,,,,,,,,,,0.9592333333333333,0.019932004260137977,0.9685089206426214
ood,spectral,FDR,0.05,,,,,,,,,,,1.0,0.029433333333333332,1.0
ood,fock,eps_HOMO,0.1,0.8993833333333333,0.978008738842425,0.8994833333333334,1.1313414719394221,0.8997666666666666,0.9539430377604501,0.8978499999999998,0.9377468681133749,0.7193222878824302,0.8200886188177755,,,
ood,fock,eps_HOMO,0.05,0.9490833333333333,1.1799908849409504,0.9502166666666667,1.5149390823575595,0.9494666666666667,1.14458385567868,0.9495166666666668,1.142368883226505,0.8177729365974651,0.8934673192441572,,,
ood,fock,eps_LUMO,0.1,0.8977833333333333,4.075841701647249,0.9069499999999999,3.5291101625617114,0.8989833333333334,3.810384553362335,0.8981999999999999,3.8890123812386004,0.15182373137431535,0.7123616980266789,,,
ood,fock,eps_LUMO,0.05,0.94765,5.10310963746339,0.9536833333333334,4.9335984968993944,0.9481833333333334,4.426250428823391,0.9491666666666667,5.1735835267618455,0.1602145434743471,0.8523201745925111,,,
ood,fock,gap,0.1,0.8975,3.900267242895174,0.9036333333333333,3.4317275728189047,0.8984666666666667,3.5732523672895495,0.8977666666666666,3.9813217413774504,0.12874752798134909,0.7102752827332802,,,
ood,fock,gap,0.05,0.9479666666666666,5.078931919276645,0.9512833333333333,4.633175228566686,0.9472833333333333,4.251383512513811,0.9488000000000001,5.039904165016476,0.1540892280902431,0.8525828695603112,,,
ood,fock,sB_HOMO,0.1,0.9009000000000003,0.028266368815259752,0.8991166666666667,0.02955904658484738,0.9040833333333336,0.025267836960175944,0.9024500000000002,0.027419230927346373,0.6224897939559365,0.8363220351475729,,,
ood,fock,sB_HOMO,0.05,0.9507333333333333,0.039935191582235116,0.9486833333333333,0.03516210016985506,0.9534166666666666,0.03384381547943159,0.9506833333333333,0.04024635782448595,0.7775436616767839,0.8684300262081518,,,
ood,fock,sB_LUMO,0.1,0.9020333333333334,0.20149147713492893,0.8993166666666665,0.14268097075295297,0.9036500000000001,0.1612651854583804,0.9014833333333332,0.19207980677727915,0.0,0.701331446611565,,,
ood,fock,sB_LUMO,0.05,0.9515333333333332,0.33660786773167756,0.9493666666666668,0.18364322619452284,0.9518333333333333,0.2040767029598114,0.9523833333333334,0.3449692298664883,0.0,0.8450286333429,,,
ood,fock,F1_HOMO,0.1,0.8977666666666668,1.23235857581777,0.8988333333333334,1.0844905750801694,0.8972000000000001,1.1707489739291599,0.9002666666666667,1.267612152070205,0.6229877626635949,0.8024214800255931,,,
ood,fock,F1_HOMO,0.05,0.9497666666666668,1.5271827900856447,0.9482333333333333,1.3052866588926346,0.9493333333333333,1.434862989852885,0.9517000000000001,1.56305485930843,0.7280457213992142,0.8650147728052666,,,
ood,fock,F1_LUMO,0.1,0.8977833333333332,0.53260445958009,0.8974833333333334,0.4918771459869727,0.8975833333333334,0.5004408026549251,0.8991333333333333,0.40436025903262,0.6055666889149857,0.7820061874035176,,,
ood,fock,F1_LUMO,0.05,0.9493499999999999,0.757418674120795,0.9493833333333332,0.6995857616355516,0.9501166666666666,0.6781077173334251,0.95015,0.48480690397578,0.6857822820337262,0.8646043602014576,,,
ood,fock,F1_gap,0.1,0.8996999999999998,1.1434569637447662,0.8998833333333334,1.052170968546774,0.8992166666666668,1.0971604801573975,0.8999166666666667,1.076654319423866,0.7239359846591572,0.8263084366560142,,,
ood,fock,F1_gap,0.05,0.9491333333333334,1.4977206341692935,0.9481166666666667,1.2889173238082168,0.9488333333333333,1.4184714569423993,0.9505499999999998,1.460408922271722,0.7897991079281032,0.8682626547442256,,,
ood,fock,FDR,0.002,,,,,,,,,,,0.7232833333333334,0.001642163489053996,0.7439627885577211
ood,fock,FDR,0.005,,,,,,,,,,,0.8304833333333335,0.0045108632467320475,0.8517913698229874
ood,fock,FDR,0.01,,,,,,,,,,,0.8882666666666668,0.009632012369442855,0.906374402870839
ood,fock,FDR,0.02,,,,,,,,,,,0.9541999999999999,0.020116662182129586,0.9633239277023371
ood,fock,FDR,0.05,,,,,,,,,,,1.0,0.029433333333333332,1.0
ood,fock,FDR_F1,0.002,,,,,,,,,,,0.9958500000000001,0.0018390396538837128,0.9979763246095723
ood,fock,FDR_F1,0.005,,,,,,,,,,,0.9999666666666667,0.003933388925950634,1.0
ood,fock,FDR_F1,0.01,,,,,,,,,,,1.0,0.003966666666666667,1.0
ood,fock,FDR_F1,0.02,,,,,,,,,,,1.0,0.003966666666666667,1.0
ood,fock,FDR_F1,0.05,,,,,,,,,,,1.0,0.003966666666666667,1.0
