id,ckpt,n_atoms,n_basis,n_occ,t_fock_s,cycles_minao,t_minao,E_minao,conv_minao,dE_minao_mHa,cycles_P_hat,t_P_hat,E_P_hat,conv_P_hat,dE_P_hat_mHa,cycles_P_F1,t_P_F1,E_P_F1,conv_P_F1,dE_P_F1_mHa,same_state_P_hat,same_state_P_F1,n_heavy,fminus_hat_rho,fminus_hat_top_match,fminus_hat_top_match_tol,fminus_hat_top_rank,fminus_hat_n_top_equiv,fplus_hat_rho,fplus_hat_top_match,fplus_hat_top_match_tol,fplus_hat_top_rank,fplus_hat_n_top_equiv,dual_hat_rho,dual_hat_top_match,dual_hat_top_match_tol,dual_hat_top_rank,dual_hat_n_top_equiv,fminus_F1_rho,fminus_F1_top_match,fminus_F1_top_match_tol,fminus_F1_top_rank,fminus_F1_n_top_equiv,fplus_F1_rho,fplus_F1_top_match,fplus_F1_top_match_tol,fplus_F1_top_rank,fplus_F1_n_top_equiv,dual_F1_rho,dual_F1_top_match,dual_F1_top_match_tol,dual_F1_top_rank,dual_F1_n_top_equiv
21909,id,18,171,35,5.712214946746826,11,23.708889961242676,-475.6854324294317,True,0.0,8,20.023285627365112,-475.6854324295162,True,-8.446932042716071e-08,7,18.802586317062378,-475.6854324295072,True,-7.548806024715304e-08,True,True,9,1.0,True,True,0,1,1.0,True,True,0,1,0.9833333333333333,True,True,0,1,1.0,True,True,0,1,1.0,True,True,0,1,1.0,True,True,0,1
16976,id,18,162,30,4.595622777938843,10,18.686718702316284,-347.4050921189516,True,0.0,7,15.935411930084229,-347.4050921189825,True,-3.092281986027956e-08,6,13.737534761428833,-347.40509211897046,True,-1.887201506178826e-08,True,True,8,1.0,True,True,0,2,0.7380952380952381,True,True,0,4,0.9285714285714287,False,True,2,3,1.0,True,True,0,2,1.0,True,True,0,4,0.9761904761904763,False,True,1,3
43573,id,13,146,33,3.1268973350524902,12,17.23575258255005,-493.1862936426744,True,0.0,8,13.125202894210815,-493.18629364273943,True,-6.502887117676437e-08,7,11.650101900100708,-493.1862936427252,True,-5.0818016461562365e-08,True,True,9,1.0,True,True,0,1,0.9500000000000001,True,True,0,1,1.0,True,True,0,1,1.0,True,True,0,1,1.0,True,True,0,1,1.0,True,True,0,1
124156,id,18,171,34,4.842907190322876,12,28.313181400299072,-434.82206887931477,True,0.0,8,21.776991844177246,-434.82206887935456,True,-3.979039320256561e-08,7,17.416918754577637,-434.82206887932364,True,-8.86757334228605e-09,True,True,9,1.0,True,True,0,1,0.9833333333333333,True,True,0,1,1.0,True,True,0,2,1.0,True,True,0,1,1.0,True,True,0,1,1.0,True,True,0,2
100682,id,21,186,35,6.871642112731934,11,31.145171642303467,-419.9473130619673,True,0.0,8,23.573315382003784,-419.947313062033,True,-6.571099220309407e-08,7,21.811827182769775,-419.9473130620113,True,-4.3996806198265404e-08,True,True,9,0.8333333333333333,True,True,0,1,0.9166666666666666,True,True,0,1,0.9833333333333333,True,True,0,1,1.0,True,True,0,1,1.0,True,True,0,1,1.0,True,True,0,1
5693,id,22,182,33,6.611161708831787,10,26.102171659469604,-386.97601744127263,True,0.0,7,20.76763153076172,-386.97601744126877,True,3.865352482534945e-09,6,19.352949380874634,-386.9760174412423,True,3.035438567167148e-08,True,True,8,1.0,True,True,0,1,0.9761904761904763,True,True,0,4,0.9761904761904763,True,True,0,2,1.0,True,True,0,1,1.0,True,True,0,4,1.0,True,True,0,2
76862,id,18,171,32,4.9216859340667725,11,23.044540643692017,-364.2967340363428,True,0.0,8,18.777484893798828,-364.29673403633757,True,5.229594535194337e-09,6,17.17529797554016,-364.2967340360569,True,2.859223968698643e-07,True,True,9,0.9833333333333333,True,True,0,1,1.0,True,True,0,1,0.9666666666666667,True,True,0,1,1.0,True,True,0,1,1.0,True,True,0,1,1.0,True,True,0,1
79945,id,19,176,34,5.802792549133301,11,24.468693256378174,-418.7585261594521,True,0.0,8,22.5578932762146,-418.75852615957683,True,-1.2471446098061278e-07,7,18.920472383499146,-418.7585261595724,True,-1.2028067430946976e-07,True,True,9,0.9833333333333333,True,True,0,1,0.9833333333333333,True,True,0,1,1.0,True,True,0,1,1.0,True,True,0,1,1.0,True,True,0,1,1.0,True,True,0,1
7079,id,16,152,31,3.4755499362945557,11,17.740213632583618,-420.45842294114755,True,0.0,8,14.766036033630371,-420.45842294139345,True,-2.4590462999185547e-07,7,13.341671705245972,-420.45842294136173,True,-2.141860022675246e-07,True,True,8,1.0,True,True,0,1,0.9761904761904763,True,True,0,1,1.0,True,True,0,1,0.9761904761904763,True,True,0,1,1.0,True,True,0,1,1.0,True,True,0,1
72905,id,18,171,32,5.12920880317688,11,23.389512062072754,-364.38223080863156,True,0.0,8,19.594587326049805,-364.3822308086004,True,3.115019353572279e-08,7,18.019473552703857,-364.3822308085746,True,5.695710569852963e-08,True,True,9,1.0,True,True,0,1,0.9833333333333333,True,True,0,1,1.0,True,True,0,1,0.9833333333333333,True,True,0,1,1.0,True,True,0,1,1.0,True,True,0,1
127637,id,13,146,33,3.3490469455718994,12,16.639862775802612,-485.4555325619967,True,0.0,8,13.160027027130127,-485.45553256212173,True,-1.2505552149377763e-07,8,13.258015632629395,-485.4555325622129,True,-2.162323653465137e-07,True,True,9,1.0,True,True,0,1,1.0,True,True,0,1,1.0,True,True,0,1,1.0,True,True,0,1,1.0,True,True,0,1,0.9833333333333333,True,True,0,1
106179,id,18,171,35,5.242567777633667,10,23.10948896408081,-475.6527916185756,True,0.0,8,19.529208421707153,-475.65279161870336,True,-1.2778400559909642e-07,7,17.84743094444275,-475.652791618683,True,-1.0743406164692715e-07,True,True,9,1.0,True,True,0,1,0.21666666666666667,True,True,0,3,0.9,True,True,0,4,1.0,True,True,0,1,0.9833333333333333,True,True,0,3,0.9833333333333333,False,True,1,4
94443,id,19,176,35,5.520942211151123,11,25.80782985687256,-459.73007361040885,True,0.0,7,19.197166204452515,-459.73007361047377,True,-6.491518433904275e-08,6,18.87561845779419,-459.7300736104508,True,-4.1950443119276315e-08,True,True,9,1.0,True,True,0,1,0.9833333333333333,True,True,0,1,0.9833333333333333,True,True,0,1,0.9833333333333333,True,True,0,1,1.0,True,True,0,1,1.0,True,True,0,1
120414,id,25,206,36,8.994320154190063,10,37.16893029212952,-389.1338893593014,True,0.0,7,29.371790885925293,-389.1338893593064,True,-5.002220859751105e-09,6,27.16576361656189,-389.1338893592956,True,5.7980287238024175e-09,True,True,9,0.9833333333333333,True,True,0,1,0.9166666666666666,False,True,1,3,0.9500000000000001,True,True,0,2,0.9833333333333333,True,True,0,1,1.0,True,True,0,3,1.0,True,True,0,2
105034,id,19,176,34,5.18082332611084,11,24.473477840423584,-422.56752158447784,True,0.0,8,21.181558847427368,-422.5675215846816,True,-2.0372681319713593e-07,7,19.279127836227417,-422.56752158466657,True,-1.887201506178826e-07,True,True,9,0.9833333333333333,True,True,0,1,0.9833333333333333,True,True,0,1,1.0,True,True,0,1,0.9833333333333333,True,True,0,1,1.0,True,True,0,1,1.0,True,True,0,1
94686,id,17,166,35,4.612860918045044,11,21.70104193687439,-495.59413386800077,True,0.0,8,18.59062361717224,-495.5941338680525,True,-5.1727511163335294e-08,7,16.846253871917725,-495.59413386804204,True,-4.126832209294662e-08,True,True,9,1.0,True,True,0,1,0.9833333333333333,True,True,0,1,1.0,True,True,0,1,1.0,True,True,0,1,1.0,True,True,0,1,1.0,True,True,0,1
29296,id,17,166,33,4.73134446144104,11,21.24827814102173,-417.57230619613085,True,0.0,8,18.981524229049683,-417.57230619626387,True,-1.3301360013429075e-07,7,16.42484402656555,-417.572306196246,True,-1.1516476661199704e-07,True,True,9,1.0,True,True,0,1,1.0,True,True,0,1,1.0,True,True,0,1,1.0,True,True,0,1,1.0,True,True,0,1,0.9833333333333333,True,True,0,1
130684,id,17,166,36,4.489607810974121,10,21.340113401412964,-548.9288552227498,True,0.0,7,17.682055711746216,-548.9288552227755,True,-2.5693225325085223e-08,6,14.717724800109863,-548.9288552227612,True,-1.1368683772161603e-08,True,True,9,0.9833333333333333,True,True,0,1,0.6333333333333333,False,False,1,4,0.9333333333333332,True,True,0,4,1.0,True,True,0,1,1.0,True,True,0,4,1.0,True,True,0,4
109071,id,21,186,34,6.80734658241272,10,27.09800386428833,-386.634451502455,True,0.0,7,21.926656007766724,-386.63445150256564,True,-1.106172931031324e-07,6,20.68816065788269,-386.63445150255154,True,-9.652012522565201e-08,True,True,9,0.9833333333333333,True,True,0,1,0.9666666666666667,True,True,0,4,0.9833333333333333,True,True,0,2,1.0,True,True,0,1,1.0,True,True,0,4,1.0,True,True,0,2
40041,id,19,176,33,5.422524929046631,11,25.58281445503235,-385.460094608574,True,0.0,8,19.820317029953003,-385.46009460857255,True,1.4779288903810084e-09,7,18.770337104797363,-385.46009460855606,True,1.7962520360015333e-08,True,True,9,1.0,True,True,0,1,0.8166666666666667,False,False,1,1,0.8833333333333333,True,True,0,1,1.0,True,True,0,1,1.0,True,True,0,1,0.9833333333333333,True,True,0,1
90805,id,21,186,34,6.753871917724609,10,26.926290035247803,-386.7361739754893,True,0.0,8,24.36206841468811,-386.73617397552124,True,-3.1946001399774104e-08,6,20.407442092895508,-386.7361739753616,True,1.276703187613748e-07,True,True,9,0.9833333333333333,True,True,0,1,0.7666666666666667,True,True,0,1,0.7833333333333333,True,True,0,2,0.9833333333333333,True,True,0,1,0.9833333333333333,True,True,0,1,1.0,True,True,0,2
11306,id,17,157,31,3.8266549110412598,11,19.169134855270386,-400.6003096208623,True,0.0,7,13.67263674736023,-400.60030962081237,True,4.990852175978944e-08,6,12.652375221252441,-400.6003096207713,True,9.094947017729282e-08,True,True,8,0.9523809523809524,True,True,0,1,1.0,True,True,0,1,1.0,True,True,0,1,1.0,True,True,0,1,1.0,True,True,0,1,1.0,True,True,0,1
99319,id,20,181,35,6.099842309951782,11,27.815728902816772,-439.8059828143159,True,0.0,8,24.013755559921265,-439.8059828144383,True,-1.2244072422618046e-07,7,23.48600745201111,-439.8059828144139,True,-9.799805411603302e-08,True,True,9,0.9500000000000001,True,True,0,1,1.0,True,True,0,1,0.9500000000000001,True,True,0,1,0.9833333333333333,True,True,0,1,1.0,True,True,0,1,1.0,True,True,0,1
61043,id,20,181,34,6.6803576946258545,10,25.345287322998047,-402.70151488616403,True,0.0,8,24.096863508224487,-402.7015148863223,True,-1.5825207810848951e-07,7,21.773175954818726,-402.7015148863133,True,-1.4927081792848185e-07,True,True,9,1.0,True,True,0,1,0.8166666666666667,False,True,3,5,0.7999999999999999,False,False,1,1,1.0,True,True,0,1,1.0,True,True,0,5,1.0,True,True,0,1
28136,id,15,156,33,3.7191333770751953,11,18.233455657958984,-453.5190344988881,True,0.0,8,14.944562435150146,-453.5190344991536,True,-2.6545876607997343e-07,7,14.251732587814331,-453.5190344991354,True,-2.4726887204451486e-07,True,True,9,0.9833333333333333,True,True,0,2,0.9666666666666667,True,True,0,1,0.9833333333333333,False,False,1,1,0.9333333333333332,True,True,0,2,1.0,True,True,0,1,1.0,True,True,0,1
86707,id,18,171,33,5.36318826675415,11,24.027297019958496,-401.5071216847621,True,0.0,8,19.400896310806274,-401.5071216848914,True,-1.2926193448947743e-07,7,17.953934907913208,-401.50712168487604,True,-1.1391421139705926e-07,True,True,9,1.0,True,True,0,1,0.6333333333333333,True,True,0,2,0.9,False,True,1,2,0.9833333333333333,True,True,0,1,1.0,True,True,0,2,1.0,True,True,0,2
120427,id,23,196,36,7.3839521408081055,10,30.136987924575806,-425.00314051399664,True,0.0,7,26.316038370132446,-425.0031405140137,True,-1.7053025658242404e-08,6,21.753483533859253,-425.0031405140047,True,-8.071765478234738e-09,True,True,9,1.0,True,True,0,1,0.7,False,True,5,6,0.9500000000000001,True,True,0,2,0.9833333333333333,True,True,0,1,1.0,True,True,0,6,1.0,True,True,0,2
27968,id,14,151,33,3.842778205871582,11,19.017056226730347,-469.5118175451018,True,0.0,8,14.342228889465332,-469.5118175456001,True,-4.982894097338431e-07,7,12.99986982345581,-469.51181754556325,True,-4.6145487431203946e-07,True,True,9,1.0,True,True,0,1,1.0,True,True,0,1,1.0,True,True,0,1,1.0,True,True,0,1,1.0,True,True,0,1,1.0,True,True,0,1
63442,id,19,176,34,5.569753408432007,10,23.722153902053833,-422.5228984847111,True,0.0,7,18.99441361427307,-422.522898484769,True,-5.786660040030256e-08,6,17.53889274597168,-422.5228984847093,True,1.8189894035458565e-09,True,True,9,1.0,True,True,0,1,0.7166666666666667,False,True,1,2,0.6333333333333333,False,False,3,1,1.0,True,True,0,1,1.0,True,True,0,2,1.0,True,True,0,1
101142,id,23,196,36,7.422092437744141,10,31.461853742599487,-425.0111167880644,True,0.0,7,24.291784286499023,-425.01111678806757,True,-3.183231456205249e-09,6,23.041338682174683,-425.0111167880613,True,3.069544618483633e-09,True,True,9,1.0,True,True,0,2,0.9666666666666667,True,True,0,1,0.8666666666666667,False,True,1,2,1.0,True,True,0,2,1.0,True,True,0,1,0.9833333333333333,True,True,0,2
57045,id,20,181,35,6.625961542129517,11,28.056886672973633,-439.83381500953215,True,0.0,7,21.65016460418701,-439.83381500952987,True,2.2737367544323206e-09,7,21.26871395111084,-439.83381500961616,True,-8.401457307627425e-08,True,True,9,1.0,True,True,0,1,1.0,True,True,0,1,1.0,True,True,0,1,1.0,True,True,0,1,1.0,True,True,0,1,0.8833333333333333,True,True,0,1
69814,id,18,171,33,5.1651225090026855,11,23.55791711807251,-401.49545810884047,True,0.0,13,26.82684826850891,-401.4954581088381,True,2.3874235921539366e-09,15,31.099337816238403,-401.49545810890334,True,-6.286882126005366e-08,True,True,9,-0.38333333333333336,False,False,4,2,-0.18333333333333335,False,False,5,1,-0.8166666666666667,False,False,7,1,-0.7,False,False,5,2,0.9333333333333332,True,True,0,1,-0.19999999999999998,True,True,0,1
107108,id,23,196,35,7.297575235366821,10,34.61554551124573,-387.9490616430634,True,0.0,7,25.88950276374817,-387.9490616430767,True,-1.3301360013429075e-08,6,23.9614737033844,-387.9490616430619,True,1.4779288903810084e-09,True,True,9,1.0,True,True,0,1,0.9500000000000001,True,True,0,1,1.0,True,True,0,2,1.0,True,True,0,1,1.0,True,True,0,1,1.0,True,True,0,2
85679,id,20,181,34,6.259460687637329,10,26.257710933685303,-402.64920802629166,True,0.0,7,20.38997197151184,-402.6492080264007,True,-1.0902567737502977e-07,6,19.07048797607422,-402.6492080263096,True,-1.7962520360015333e-08,True,True,9,0.9833333333333333,True,True,0,1,0.7999999999999999,False,True,2,4,0.8166666666666667,True,True,0,5,1.0,True,True,0,1,1.0,True,True,0,4,1.0,True,True,0,5
62272,id,21,186,35,6.643627882003784,10,27.972343921661377,-423.7813230127235,True,0.0,7,22.292665719985962,-423.7813230128135,True,-9.00399754755199e-08,6,20.77496600151062,-423.7813230127844,True,-6.093614501878619e-08,True,True,9,0.9666666666666667,True,True,0,1,0.8833333333333333,True,True,0,2,0.9833333333333333,True,True,0,1,0.9833333333333333,True,True,0,1,1.0,True,True,0,2,0.9833333333333333,True,True,0,1
2239,id,19,158,28,4.156619310379028,10,18.102478742599487,-310.6156256414538,True,0.0,6,13.00711989402771,-310.6156256414298,True,2.3987922759260982e-08,6,14.373267412185669,-310.61562564145913,True,-5.343281372915953e-09,True,True,7,0.9642857142857145,True,True,0,1,0.9285714285714288,True,True,0,2,0.9642857142857145,True,True,0,1,1.0,True,True,0,1,1.0,True,True,0,2,1.0,True,True,0,1
85246,id,20,181,35,5.625089406967163,11,27.056615591049194,-439.81210708219294,True,0.0,8,24.714558839797974,-439.81210708229116,True,-9.822542779147625e-08,7,20.659159660339355,-439.8121070822783,True,-8.537881512893364e-08,True,True,9,0.9833333333333333,True,True,0,1,1.0,True,True,0,1,0.9833333333333333,True,True,0,1,0.9666666666666667,True,True,0,1,1.0,True,True,0,1,1.0,True,True,0,1
43152,id,15,156,32,4.079368829727173,11,18.804449558258057,-416.3035471125267,True,0.0,8,15.416689395904541,-416.30354711270655,True,-1.7985257727559656e-07,7,13.94684648513794,-416.30354711267984,True,-1.531361704110168e-07,True,True,9,1.0,True,True,0,1,0.9500000000000001,True,True,0,1,0.9833333333333333,True,True,0,1,1.0,True,True,0,1,1.0,True,True,0,1,0.9833333333333333,True,True,0,1
52986,id,22,191,35,6.811139106750488,11,32.23580574989319,-404.0196588111606,True,0.0,8,26.588698387145996,-404.01965881118934,True,-2.8762769943568856e-08,7,23.08006715774536,-404.0196588111717,True,-1.1141310096718371e-08,True,True,9,1.0,True,True,0,1,1.0,True,True,0,1,0.9833333333333333,True,True,0,1,1.0,True,True,0,1,1.0,True,True,0,1,1.0,True,True,0,1
50653,id,20,181,34,6.446229457855225,12,28.46885347366333,-402.79960665574345,True,0.0,8,21.92461395263672,-402.7996066557646,True,-2.114575181622058e-08,7,21.594876527786255,-402.79960665571014,True,3.33102434524335e-08,True,True,9,1.0,True,True,0,1,1.0,True,True,0,2,0.9833333333333333,True,True,0,2,0.6833333333333333,False,False,3,1,1.0,True,True,0,2,0.8833333333333333,True,True,0,2
130817,id,18,171,33,5.120358943939209,10,21.70453977584839,-401.4420163821392,True,0.0,8,19.383851051330566,-401.4420163821727,True,-3.353761712787673e-08,7,18.31535029411316,-401.44201638213315,True,6.0254023992456496e-09,True,True,9,0.9833333333333333,True,True,0,1,-0.6166666666666666,False,False,8,1,-0.35,False,False,8,1,1.0,True,True,0,1,0.9833333333333333,True,True,0,1,0.9500000000000001,True,True,0,1
107175,id,21,186,34,6.689310312271118,10,27.85805869102478,-386.7162619680564,True,0.0,7,21.905319929122925,-386.7162619680166,True,3.979039320256561e-08,6,19.9651038646698,-386.7162619679791,True,7.73070496506989e-08,True,True,9,1.0,True,True,0,1,1.0,True,True,0,1,0.9833333333333333,True,True,0,1,1.0,True,True,0,1,1.0,True,True,0,1,1.0,True,True,0,1
48638,id,16,161,33,4.320017576217651,11,19.696298599243164,-433.64949872870267,True,0.0,8,15.904006004333496,-433.64949872898416,True,-2.814886101987213e-07,7,15.048163890838623,-433.6494987287968,True,-9.413270163349807e-08,True,True,9,1.0,True,True,0,1,0.9833333333333333,True,True,0,1,1.0,True,True,0,1,1.0,True,True,0,1,1.0,True,True,0,1,1.0,True,True,0,1
8669,id,20,172,32,5.515096187591553,11,23.461954355239868,-385.7670371761196,True,0.0,7,18.159274578094482,-385.76703717605716,True,6.24140739091672e-08,6,16.084163427352905,-385.76703717602555,True,9.401901479577646e-08,True,True,8,0.9761904761904763,True,True,0,1,0.9761904761904763,True,True,0,1,1.0,True,True,0,1,1.0,True,True,0,1,1.0,True,True,0,1,1.0,True,True,0,1
43138,id,15,156,32,4.421415090560913,11,19.165198802947998,-416.2801934026955,True,0.0,8,15.641234874725342,-416.2801934029263,True,-2.3078428057488054e-07,7,13.90219259262085,-416.28019340292013,True,-2.2464519133791327e-07,True,True,9,0.9333333333333332,True,True,0,1,0.9833333333333333,True,True,0,1,0.9333333333333332,True,True,0,1,0.9666666666666667,True,True,0,1,0.9833333333333333,True,True,0,1,0.9666666666666667,True,True,0,1
83475,id,17,166,34,4.469891548156738,12,24.1247136592865,-454.67557249303286,True,0.0,8,17.36895775794983,-454.6755724930499,True,-1.7053025658242404e-08,7,17.16277527809143,-454.6755724930066,True,2.6261659513693303e-08,True,True,9,1.0,True,True,0,1,1.0,True,True,0,1,0.9833333333333333,True,True,0,1,1.0,True,True,0,1,0.9833333333333333,True,True,0,1,1.0,True,True,0,1
3171,id,16,143,26,3.292757987976074,10,14.571069478988647,-288.27073254331566,True,0.0,7,11.185266017913818,-288.27073254327223,True,4.3428372009657323e-08,6,11.696416854858398,-288.27073254323574,True,7.992184691829607e-08,True,True,7,1.0,True,True,0,1,1.0,True,True,0,2,1.0,True,True,0,3,1.0,True,True,0,1,1.0,True,True,0,2,1.0,True,True,0,3
106933,id,21,186,34,6.529459476470947,10,29.093097925186157,-386.68503957293916,True,0.0,8,24.293762922286987,-386.68503957295496,True,-1.5802470443304628e-08,7,23.230568647384644,-386.68503957295155,True,-1.2391865311656147e-08,True,True,9,0.9833333333333333,True,True,0,1,0.9833333333333333,True,True,0,2,0.9666666666666667,True,True,0,1,1.0,True,True,0,1,1.0,True,True,0,2,1.0,True,True,0,1
23714,id,17,166,32,4.913469552993774,10,20.850997924804688,-380.48578567399164,True,0.0,8,17.23821783065796,-380.48578567442536,True,-4.3371528590796515e-07,8,17.82320523262024,-380.48578567455223,True,-5.605897968052886e-07,True,True,9,0.9666666666666667,True,True,0,2,-0.5499999999999999,False,False,7,2,0.6333333333333333,False,False,5,1,0.9833333333333333,True,True,0,2,1.0,True,True,0,2,0.9500000000000001,True,True,0,1
65708,id,16,161,33,4.410607814788818,11,20.60517382621765,-437.4162820545765,True,0.0,8,16.465675592422485,-437.41628205485733,True,-2.808064891723916e-07,7,15.261361837387085,-437.4162820548487,True,-2.721662895055488e-07,True,True,9,1.0,True,True,0,1,0.9333333333333332,True,True,0,1,0.9833333333333333,True,True,0,1,1.0,True,True,0,1,1.0,True,True,0,1,1.0,True,True,0,1
60615,id,17,166,32,4.598012924194336,11,20.73516845703125,-380.41876967126734,True,0.0,7,16.34971857070923,-380.418769670864,True,4.0336090023629367e-07,6,14.838696241378784,-380.4187696708084,True,4.589537638821639e-07,True,True,9,0.9833333333333333,True,True,0,1,1.0,True,True,0,2,1.0,True,True,0,2,1.0,True,True,0,1,1.0,True,True,0,2,1.0,True,True,0,2
89661,id,20,181,33,5.950452089309692,10,24.60951328277588,-365.6674869526539,True,0.0,7,21.402509689331055,-365.6674869527511,True,-9.72022462519817e-08,6,19.602155447006226,-365.6674869527408,True,-8.685674401931465e-08,True,True,9,1.0,True,True,0,1,0.9833333333333333,True,True,0,1,0.9833333333333333,True,True,0,1,0.9833333333333333,True,True,0,1,1.0,True,True,0,1,1.0,True,True,0,1
43764,id,15,156,32,4.028806924819946,12,19.11646318435669,-416.37071682341593,True,0.0,8,15.116838693618774,-416.3707168233592,True,5.67297320230864e-08,7,13.948689937591553,-416.37071682329645,True,1.1948486644541845e-07,True,True,9,0.9833333333333333,True,True,0,1,0.9500000000000001,True,True,0,1,1.0,True,True,0,1,1.0,True,True,0,1,0.9833333333333333,True,True,0,1,1.0,True,True,0,1
85909,id,19,176,34,5.403970718383789,11,24.397943258285522,-422.58658797504194,True,0.0,8,20.54412078857422,-422.5865879750534,True,-1.1482370609883219e-08,7,19.841774702072144,-422.5865879750252,True,1.6711965145077556e-08,True,True,9,0.9833333333333333,True,True,0,1,0.9833333333333333,True,True,0,1,1.0,True,True,0,1,1.0,True,True,0,1,1.0,True,True,0,1,1.0,True,True,0,1
97458,id,20,181,35,5.8956427574157715,11,27.32218599319458,-439.8520377542882,True,0.0,8,23.299280166625977,-439.8520377544437,True,-1.5552359400317073e-07,8,24.29838800430298,-439.8520377544569,True,-1.687112671788782e-07,True,True,9,0.9666666666666667,True,True,0,1,0.9333333333333332,True,True,0,1,0.9666666666666667,True,True,0,1,0.9833333333333333,True,True,0,1,0.9666666666666667,True,True,0,1,0.9833333333333333,True,True,0,1
73191,id,17,166,33,4.719461679458618,11,21.200766801834106,-421.3476913457135,True,0.0,7,18.18988013267517,-421.3476913455482,True,1.653006620472297e-07,6,14.587397575378418,-421.3476913453814,True,3.320792529848404e-07,True,True,9,0.9666666666666667,True,True,0,1,0.5333333333333333,True,True,0,2,0.9,True,True,0,3,1.0,True,True,0,1,1.0,True,True,0,2,0.9833333333333333,True,True,0,3
116317,id,25,206,36,8.432183265686035,10,35.30111217498779,-389.12063664412756,True,0.0,7,30.251065492630005,-389.12063664413085,True,-3.296918293926865e-09,6,27.635109186172485,-389.120636644118,True,9.549694368615746e-09,True,True,9,0.9833333333333333,True,True,0,1,0.8833333333333333,True,True,0,4,0.9166666666666666,True,True,0,3,0.9833333333333333,True,True,0,1,0.9833333333333333,True,True,0,4,0.9833333333333333,True,True,0,3
85314,id,17,166,32,4.500080108642578,12,23.269461631774902,-380.4188246003798,True,0.0,9,19.89682698249817,-380.41882460040813,True,-2.830802259268239e-08,9,19.60087513923645,-380.4188246004402,True,-6.036771083017811e-08,True,True,9,0.9,True,True,0,1,-0.19999999999999998,False,False,8,1,-0.06666666666666667,False,False,8,1,0.9500000000000001,True,True,0,1,0.9500000000000001,True,True,0,1,0.9833333333333333,True,True,0,1
94156,id,22,191,35,7.080564260482788,10,29.25913667678833,-403.9332349769425,True,0.0,7,24.11960482597351,-403.9332349769523,True,-9.777068044058979e-09,6,21.61203360557556,-403.9332349769325,True,1.000444171950221e-08,True,True,9,1.0,True,True,0,1,0.8333333333333333,True,True,0,4,0.9333333333333332,False,True,1,3,0.9833333333333333,True,True,0,1,1.0,True,True,0,4,0.9833333333333333,True,True,0,3
70846,id,17,166,34,4.718940019607544,10,20.861222743988037,-458.4698388624093,True,0.0,8,18.668574333190918,-458.46983886221454,True,1.9474555301712826e-07,8,18.080350160598755,-458.4698388626261,True,-2.1680079953512177e-07,True,True,9,1.0,True,True,0,1,0.5333333333333333,False,True,1,2,0.75,True,True,0,2,1.0,True,True,0,1,1.0,True,True,0,2,1.0,True,True,0,2
87293,id,19,176,34,5.440796375274658,11,24.479191541671753,-418.74348705822314,True,0.0,8,21.149605751037598,-418.74348705829976,True,-7.66249286243692e-08,7,19.492778062820435,-418.74348705828896,True,-6.582467904081568e-08,True,True,9,0.9666666666666667,True,True,0,1,0.9833333333333333,True,True,0,1,0.9833333333333333,True,True,0,1,1.0,True,True,0,1,1.0,True,True,0,1,1.0,True,True,0,1
40589,id,17,166,33,4.712784767150879,10,20.223979234695435,-421.36101428687857,True,0.0,8,17.973098039627075,-421.3610142871887,True,-3.1013769330456853e-07,7,16.351173639297485,-421.36101428716927,True,-2.906972440541722e-07,True,True,9,0.9833333333333333,False,True,1,2,0.9166666666666666,True,True,0,1,1.0,True,True,0,1,1.0,True,True,0,2,1.0,True,True,0,1,1.0,True,True,0,1
41895,id,16,161,33,4.459447860717773,11,19.963855743408203,-437.3379779741336,True,0.0,9,17.59425926208496,-437.3379779742524,True,-1.1880274541908875e-07,8,17.24392604827881,-437.3379779742509,True,-1.1732481652870774e-07,True,True,9,0.9833333333333333,True,True,0,1,0.9833333333333333,True,True,0,1,0.9500000000000001,True,True,0,1,1.0,True,True,0,1,1.0,True,True,0,1,1.0,True,True,0,1
112732,id,21,186,35,6.619418382644653,10,28.144606351852417,-423.8148316308661,True,0.0,7,22.163288831710815,-423.81483163088996,True,-2.3874235921539366e-08,6,21.41089367866516,-423.8148316308852,True,-1.9099388737231493e-08,True,True,9,1.0,True,True,0,1,0.75,False,True,3,4,0.9666666666666667,True,True,0,2,0.9833333333333333,True,True,0,1,1.0,True,True,0,4,1.0,True,True,0,2
10636,id,16,152,31,3.9885737895965576,11,18.512694120407104,-420.3932474445987,True,0.0,7,13.233354330062866,-420.39324744456746,True,3.126388037344441e-08,6,12.30331563949585,-420.3932474445319,True,6.684786058031023e-08,True,True,8,0.9761904761904763,True,True,0,3,0.3571428571428572,False,False,3,2,0.9761904761904763,True,True,0,2,0.9761904761904763,True,True,0,3,1.0,True,True,0,2,1.0,True,True,0,2
21803,id,20,181,35,6.680494546890259,11,26.969085216522217,-439.7760985626888,True,0.0,8,23.968129873275757,-439.77609856275313,True,-6.434675015043467e-08,7,20.724151611328125,-439.77609856274756,True,-5.877609510207549e-08,True,True,9,0.9666666666666667,True,True,0,1,0.9500000000000001,True,True,0,1,1.0,True,True,0,1,0.9833333333333333,True,True,0,1,1.0,True,True,0,1,1.0,True,True,0,1
91819,id,20,181,34,6.515932321548462,11,29.189382553100586,-398.93688063951345,True,0.0,8,23.119786500930786,-398.9368806395938,True,-8.037659426918253e-08,7,21.44946265220642,-398.93688063958746,True,-7.401013135677204e-08,True,True,9,0.9833333333333333,False,True,1,2,0.8833333333333333,True,True,0,2,0.9833333333333333,True,True,0,1,1.0,True,True,0,2,1.0,True,True,0,2,1.0,True,True,0,1
4652,id,16,152,30,3.6047544479370117,11,18.374427318572998,-379.5607003553936,True,0.0,8,14.842403173446655,-379.56070035551784,True,-1.2425971362972632e-07,7,12.846382856369019,-379.56070035550556,True,-1.1198153515579179e-07,True,True,8,1.0,True,True,0,1,1.0,True,True,0,1,1.0,True,True,0,1,0.9761904761904763,True,True,0,1,1.0,True,True,0,1,1.0,True,True,0,1
38475,id,18,171,33,4.986820220947266,11,23.73967695236206,-401.55942612268444,True,0.0,8,19.915539026260376,-401.55942612276573,True,-8.128608897095546e-08,7,17.895148515701294,-401.5594261226277,True,5.67297320230864e-08,True,True,9,0.9833333333333333,True,True,0,1,-0.11666666666666665,False,False,8,2,0.18333333333333335,False,False,6,2,1.0,True,True,0,1,1.0,True,True,0,2,1.0,True,True,0,2
106750,id,23,196,35,7.1480185985565186,11,33.03785943984985,-387.9423969057586,True,0.0,7,25.013983488082886,-387.942396905747,True,1.1596057447604835e-08,6,23.627204179763794,-387.9423969057429,True,1.5688783605583012e-08,True,True,9,1.0,True,True,0,1,0.8499999999999999,True,True,0,1,0.9333333333333332,False,True,1,6,1.0,True,True,0,1,1.0,True,True,0,1,1.0,True,True,0,6
89042,id,18,171,33,5.6236677169799805,10,22.436497926712036,-401.4125380897054,True,0.0,8,19.130155086517334,-401.4125380898167,True,-1.1129941412946209e-07,7,17.971648931503296,-401.41253808980656,True,-1.0118128557223827e-07,True,True,9,0.5333333333333333,True,True,0,1,0.19999999999999998,False,True,8,2,0.4666666666666666,False,False,3,1,0.9833333333333333,True,True,0,1,1.0,True,True,0,2,1.0,True,True,0,1
54838,id,18,171,32,5.0811216831207275,11,22.98941469192505,-364.3148672379363,True,0.0,8,18.61538863182068,-364.3148672379696,True,-3.33102434524335e-08,7,18.16657304763794,-364.31486723793745,True,-1.1368683772161603e-09,True,True,9,0.9833333333333333,True,True,0,1,1.0,True,True,0,1,1.0,True,True,0,1,1.0,True,True,0,1,1.0,True,True,0,1,1.0,True,True,0,1
67740,id,19,176,33,5.660729646682739,11,25.53351926803589,-385.429273174734,True,0.0,7,18.375863790512085,-385.4292731746915,True,4.2518877307884395e-08,6,17.999796390533447,-385.42927317468025,True,5.377387424232438e-08,True,True,9,1.0,True,True,0,2,0.9833333333333333,True,True,0,1,0.9333333333333332,True,True,0,1,1.0,True,True,0,2,1.0,True,True,0,1,1.0,True,True,0,1
5373,id,16,152,30,3.5496411323547363,11,18.55910587310791,-379.57688717208373,True,0.0,7,13.893701314926147,-379.5768871722213,True,-1.375610736431554e-07,6,11.653228282928467,-379.5768871722188,True,-1.3505996321327984e-07,True,True,8,1.0,True,True,0,1,0.9761904761904763,True,True,0,1,1.0,True,True,0,1,1.0,True,True,0,1,1.0,True,True,0,1,1.0,True,True,0,1
1861,id,19,158,27,3.829741954803467,9,18.313366889953613,-273.5222678906625,True,0.0,6,12.892985343933105,-273.52226789094,True,-2.7750957087846473e-07,5,11.555382013320923,-273.5222678909403,True,-2.778506313916296e-07,True,True,7,0.9642857142857145,True,True,0,2,0.642857142857143,False,True,2,2,0.7500000000000002,False,True,3,2,1.0,True,True,0,2,1.0,True,True,0,2,1.0,True,True,0,2
42966,id,18,171,33,5.503620862960815,11,24.411404609680176,-401.60109369442495,True,0.0,8,19.824082136154175,-401.6010936944761,True,-5.1159076974727213e-08,8,20.39437985420227,-401.6010936944753,True,-5.03632691106759e-08,True,True,9,1.0,True,True,0,1,0.03333333333333333,False,False,1,1,0.35,False,False,1,1,0.9833333333333333,True,True,0,1,1.0,True,True,0,1,1.0,True,True,0,1
83115,id,21,186,34,7.116147041320801,10,27.982662677764893,-386.7168299716644,True,0.0,7,23.37285304069519,-386.7168299717058,True,-4.1382008930668235e-08,6,21.814836740493774,-386.71682997170365,True,-3.922195901395753e-08,True,True,9,1.0,True,True,0,2,1.0,True,True,0,1,1.0,True,True,0,1,1.0,True,True,0,2,1.0,True,True,0,1,1.0,True,True,0,1
21901,id,19,176,34,5.653787612915039,12,26.15508460998535,-418.7692904709835,True,0.0,8,20.994904041290283,-418.7692904710228,True,-3.9335645851679146e-08,7,19.478078603744507,-418.76929047094507,True,3.842615114990622e-08,True,True,9,1.0,True,True,0,2,1.0,True,True,0,1,1.0,True,True,0,1,1.0,True,True,0,2,1.0,True,True,0,1,1.0,True,True,0,1
21675,id,20,181,35,6.051570892333984,11,27.27449893951416,-439.77531683899633,True,0.0,7,20.88739037513733,-439.7753168389072,True,8.913048077374697e-08,6,19.088741540908813,-439.7753168388833,True,1.1300471669528633e-07,True,True,9,1.0,True,True,0,1,0.9500000000000001,True,True,0,1,1.0,True,True,0,2,1.0,True,True,0,1,1.0,True,True,0,1,0.9666666666666667,True,True,0,2
105969,id,21,186,33,6.4374189376831055,10,27.17394709587097,-349.60094194757556,True,0.0,7,22.930704355239868,-349.60094194754475,True,3.0809133022557944e-08,6,19.778231859207153,-349.6009419474985,True,7.707967597525567e-08,True,True,9,1.0,True,True,0,1,0.8666666666666667,True,True,0,2,1.0,True,True,0,1,1.0,True,True,0,1,1.0,True,True,0,2,0.9833333333333333,True,True,0,1
41723,id,16,161,32,4.556966543197632,11,20.51713228225708,-400.19219338233376,True,0.0,9,18.83590006828308,-400.1921933824934,True,-1.596163201611489e-07,8,16.511541604995728,-400.1921933824819,True,-1.4813394955126569e-07,True,True,9,0.7333333333333334,True,True,0,1,0.9,True,True,0,1,0.9500000000000001,True,True,0,1,1.0,True,True,0,1,0.9833333333333333,True,True,0,1,1.0,True,True,0,1
20981,id,13,137,28,2.612617254257202,11,13.534921884536743,-357.27917171805507,True,0.0,7,10.063256025314331,-357.27917171825607,True,-2.0099832909181714e-07,7,9.497085094451904,-357.27917171831564,True,-2.6057023205794394e-07,True,True,8,1.0,True,True,0,1,0.9761904761904763,True,True,0,3,0.9761904761904763,True,True,0,1,1.0,True,True,0,1,1.0,True,True,0,3,1.0,True,True,0,1
95916,id,19,176,34,5.344080209732056,11,24.29094672203064,-422.5355338190821,True,0.0,8,19.913041830062866,-422.5355338191644,True,-8.230927051045e-08,7,18.39977526664734,-422.5355338191436,True,-6.150457920739427e-08,True,True,9,1.0,True,True,0,1,0.9833333333333333,True,True,0,1,1.0,True,True,0,1,1.0,True,True,0,1,1.0,True,True,0,1,1.0,True,True,0,1
3162,id,15,138,27,2.684307336807251,11,13.692028045654297,-345.25647178484405,True,0.0,7,10.240080118179321,-345.25647178485144,True,-7.389644451905042e-09,6,9.923506736755371,-345.2564717848343,True,9.777068044058979e-09,True,True,7,1.0,True,True,0,1,0.9642857142857145,True,True,0,1,1.0,True,True,0,2,1.0,True,True,0,1,1.0,True,True,0,1,1.0,True,True,0,2
29364,id,18,171,33,5.147456884384155,11,23.663731336593628,-401.57092926250976,True,0.0,8,19.05893635749817,-401.57092926257013,True,-6.036771083017811e-08,7,17.9292733669281,-401.5709292625539,True,-4.411049303598702e-08,True,True,9,1.0,True,True,0,1,1.0,True,True,0,1,1.0,True,True,0,1,1.0,True,True,0,1,1.0,True,True,0,1,1.0,True,True,0,1
61881,id,20,181,34,5.984930753707886,10,25.200273513793945,-402.67736075280243,True,0.0,7,21.308274269104004,-402.67736075278856,True,1.3869794202037156e-08,6,19.081387281417847,-402.67736075275536,True,4.7066350816749036e-08,True,True,9,1.0,True,True,0,1,0.33333333333333337,True,True,0,2,0.6833333333333333,False,True,3,4,0.9833333333333333,True,True,0,1,0.9833333333333333,True,True,0,2,0.9833333333333333,True,True,0,4
95121,id,18,171,34,5.330387353897095,11,24.335721492767334,-438.6214044218603,True,0.0,8,19.728352069854736,-438.62140442192305,True,-6.275513442233205e-08,7,18.460739135742188,-438.6214044219094,True,-4.9112713895738125e-08,True,True,9,1.0,True,True,0,1,0.9833333333333333,True,True,0,1,1.0,True,True,0,1,0.9833333333333333,True,True,0,1,1.0,True,True,0,1,0.9833333333333333,True,True,0,1
19118,id,14,142,28,2.8922278881073,11,14.542711734771729,-344.93368697280306,True,0.0,8,11.926408767700195,-344.9336869727313,True,7.173639460233971e-08,7,10.820228099822998,-344.93368697268164,True,1.2141754268668592e-07,True,True,8,0.9047619047619048,True,True,0,1,1.0,True,True,0,2,1.0,True,True,0,2,0.9761904761904763,True,True,0,1,0.9523809523809524,False,True,1,2,0.9523809523809524,False,True,1,2
14497,id,14,142,29,2.9987499713897705,11,14.587374687194824,-378.2965329072489,True,0.0,8,12.003737688064575,-378.29653290727776,True,-2.887645678129047e-08,7,11.104369163513184,-378.2965329072624,True,-1.3528733688872308e-08,True,True,8,1.0,True,True,0,1,1.0,True,True,0,1,0.9761904761904763,True,True,0,1,1.0,True,True,0,1,1.0,True,True,0,1,1.0,True,True,0,1
12635,id,16,152,31,3.62882661819458,10,16.815169095993042,-420.35807909396306,True,0.0,7,13.57859206199646,-420.3580790941703,True,-2.0725110516650602e-07,6,11.892446279525757,-420.3580790941294,True,-1.6632384358672425e-07,True,True,8,1.0,True,True,0,1,0.9285714285714287,True,True,0,2,1.0,True,True,0,1,1.0,True,True,0,1,1.0,True,True,0,2,1.0,True,True,0,1
27273,id,17,166,33,4.747985363006592,12,23.05086398124695,-417.64151875883704,True,0.0,7,16.366949558258057,-417.64151875856385,True,2.731894710450433e-07,7,15.841727256774902,-417.64151875886375,True,-2.6716406864579767e-08,True,True,9,0.9833333333333333,True,True,0,1,1.0,True,True,0,1,1.0,True,True,0,1,0.9833333333333333,True,True,0,1,0.9500000000000001,True,True,0,1,1.0,True,True,0,1
29521,id,17,166,33,4.955819129943848,11,22.72081184387207,-417.61537399063945,True,0.0,8,18.856435775756836,-417.61537399076246,True,-1.2300915841478854e-07,7,16.059558629989624,-417.61537399074723,True,-1.07775122160092e-07,True,True,9,1.0,True,True,0,1,1.0,True,True,0,1,0.9833333333333333,True,True,0,1,1.0,True,True,0,1,1.0,True,True,0,1,1.0,True,True,0,1
25776,id,18,171,33,5.681783199310303,11,22.991093158721924,-401.55793274487314,True,0.0,8,19.362329483032227,-401.55793274497626,True,-1.0311396181350574e-07,7,17.04315209388733,-401.5579327449432,True,-7.003109203651547e-08,True,True,9,1.0,True,True,0,2,1.0,True,True,0,1,0.9833333333333333,True,True,0,2,0.9833333333333333,True,True,0,2,0.9833333333333333,True,True,0,1,0.9833333333333333,True,True,0,2
83623,id,21,186,34,6.279582738876343,11,29.00024914741516,-386.7607763325724,True,0.0,8,24.379345655441284,-386.76077633264777,True,-7.537437340943143e-08,7,22.152369260787964,-386.76077633264526,True,-7.287326297955588e-08,True,True,9,1.0,True,True,0,1,0.9500000000000001,True,True,0,1,1.0,True,True,0,1,1.0,True,True,0,1,1.0,True,True,0,1,1.0,True,True,0,1
86316,id,20,181,34,6.060872554779053,10,24.991435050964355,-402.7149662309175,True,0.0,7,21.254908084869385,-402.7149662309829,True,-6.536993168992922e-08,6,18.199922800064087,-402.7149662309114,True,6.139089236967266e-09,True,True,9,0.9500000000000001,True,True,0,1,0.8666666666666667,False,True,1,4,1.0,True,True,0,2,1.0,True,True,0,1,1.0,True,True,0,4,1.0,True,True,0,2
84050,id,18,171,33,5.421475887298584,11,23.620566606521606,-401.5572462262101,True,0.0,8,19.400677919387817,-401.55724622627423,True,-6.411937647499144e-08,7,18.200409650802612,-401.5572462262534,True,-4.331468517193571e-08,True,True,9,1.0,True,True,0,1,0.9833333333333333,True,True,0,1,0.9666666666666667,True,True,0,1,1.0,True,True,0,1,1.0,True,True,0,1,1.0,True,True,0,1
6586,id,20,172,33,5.0606114864349365,10,22.30322813987732,-422.84702010394636,True,0.0,7,17.59747052192688,-422.84702010394625,True,1.1368683772161603e-10,6,16.24052929878235,-422.8470201039169,True,2.9444890969898552e-08,True,True,8,0.9761904761904763,True,True,0,1,0.6190476190476191,False,False,1,5,0.9523809523809524,False,False,1,1,1.0,True,True,0,1,1.0,True,True,0,5,1.0,True,True,0,1
124430,id,16,161,32,4.189229726791382,12,21.051296710968018,-396.5452840817663,True,0.0,8,16.030477285385132,-396.5452840816119,True,1.5438672562595457e-07,8,16.078481912612915,-396.54528408175366,True,1.261923898709938e-08,True,True,9,1.0,True,True,0,2,1.0,True,True,0,2,1.0,True,True,0,1,1.0,True,True,0,2,1.0,True,True,0,2,0.9833333333333333,True,True,0,1
53881,id,20,181,35,5.960190296173096,11,28.402305603027344,-439.8376030047092,True,0.0,8,23.146316289901733,-439.8376030048222,True,-1.1300471669528633e-07,7,21.611308336257935,-439.83760300480844,True,-9.92486093309708e-08,True,True,9,1.0,True,True,0,1,0.9500000000000001,True,True,0,1,1.0,True,True,0,1,1.0,True,True,0,1,1.0,True,True,0,1,0.9833333333333333,True,True,0,1
78405,id,17,166,33,4.807612419128418,12,24.185425281524658,-417.5786986325954,True,0.0,8,17.583688974380493,-417.5786986322707,True,3.246896085329354e-07,8,19.0046808719635,-417.57869863260254,True,-7.16227077646181e-09,True,True,9,0.9833333333333333,True,True,0,1,0.9833333333333333,True,True,0,1,1.0,True,True,0,1,0.9500000000000001,True,True,0,1,1.0,True,True,0,1,1.0,True,True,0,1
99702,ood,25,206,36,8.98122763633728,10,34.75642704963684,-389.1312134103137,True,0.0,7,28.709715127944946,-389.13121341027403,True,3.9676706364843994e-08,6,25.952245473861694,-389.1312134102432,True,7.048583938740194e-08,True,True,9,0.9833333333333333,True,True,0,1,0.3666666666666667,False,False,2,5,0.8666666666666667,False,True,1,3,1.0,True,True,0,1,1.0,True,True,0,5,1.0,True,True,0,3
113605,ood,23,196,35,7.2083611488342285,10,30.55543041229248,-387.8967263696485,True,0.0,7,25.007623195648193,-387.89672636967157,True,-2.3078428057488054e-08,6,22.95002269744873,-387.8967263696626,True,-1.4097167877480388e-08,True,True,9,1.0,True,True,0,1,0.5333333333333333,True,True,0,2,0.8166666666666667,False,False,1,1,1.0,True,True,0,1,1.0,True,True,0,2,1.0,True,True,0,1
9943,ood,24,192,33,7.093507528305054,9,26.847277641296387,-351.10401926217486,True,0.0,7,23.982796669006348,-351.1040192622002,True,-2.5352164811920375e-08,6,20.65514874458313,-351.10401926219737,True,-2.2509993868879974e-08,True,True,8,0.9761904761904763,True,True,0,1,0.9761904761904763,True,True,0,2,0.9285714285714287,True,True,0,2,1.0,True,True,0,1,1.0,True,True,0,2,1.0,True,True,0,2
106609,ood,25,206,35,8.839305877685547,10,34.915996074676514,-352.0811002351645,True,0.0,7,29.154456615447998,-352.08110023515246,True,1.2050804798491299e-08,6,26.830033540725708,-352.08110023512927,True,3.524291969370097e-08,True,True,9,0.9833333333333333,False,True,1,2,0.8499999999999999,False,True,1,2,0.9666666666666667,True,True,0,5,0.9833333333333333,False,True,1,2,1.0,True,True,0,2,1.0,True,True,0,5
112568,ood,23,196,34,7.36858606338501,10,30.373226404190063,-350.85351850075415,True,0.0,7,24.9447820186615,-350.8535185007428,True,1.1368683772161603e-08,6,22.448719263076782,-350.85351850072846,True,2.5693225325085223e-08,True,True,9,1.0,True,True,0,2,0.8833333333333333,True,True,0,2,1.0,True,True,0,3,1.0,True,True,0,2,1.0,True,True,0,2,0.9833333333333333,True,True,0,3
116020,ood,23,196,36,7.2972571849823,10,31.011146545410156,-425.0039100177935,True,0.0,7,24.89746904373169,-425.0039100178036,True,-1.0118128557223827e-08,6,23.09912872314453,-425.0039100177885,True,5.002220859751105e-09,True,True,9,0.9833333333333333,True,True,0,2,0.9166666666666666,True,True,0,5,0.9500000000000001,True,True,0,3,1.0,True,True,0,2,1.0,True,True,0,5,1.0,True,True,0,3
86378,ood,23,196,35,7.757446527481079,10,31.130846977233887,-387.9292322533475,True,0.0,7,26.320701837539673,-387.9292322533258,True,2.1714186004828662e-08,6,22.697545051574707,-387.929232253297,True,5.047695594839752e-08,True,True,9,0.9833333333333333,True,True,0,1,0.9333333333333332,True,True,0,1,0.9666666666666667,True,True,0,3,1.0,True,True,0,1,1.0,True,True,0,1,1.0,True,True,0,3
40083,ood,23,196,34,7.357455253601074,10,30.419527769088745,-350.7601211650411,True,0.0,7,25.37240433692932,-350.7601211649574,True,8.36735125631094e-08,6,23.109702348709106,-350.76012116487385,True,1.6723333828849718e-07,True,True,9,0.9333333333333332,True,True,0,1,-0.15,False,False,1,2,-0.2333333333333333,False,False,7,4,1.0,True,True,0,1,1.0,True,True,0,2,0.9833333333333333,True,True,0,4
104237,ood,23,196,35,7.246959209442139,10,29.069432020187378,-387.92287920997694,True,0.0,7,24.610701322555542,-387.9228792099825,True,-5.5706550483591855e-09,6,23.084216833114624,-387.92287920997876,True,-1.8189894035458565e-09,True,True,9,0.9833333333333333,True,True,0,1,0.9666666666666667,False,True,1,3,0.9333333333333332,True,True,0,1,1.0,True,True,0,1,0.9833333333333333,True,True,0,3,1.0,True,True,0,1
85942,ood,23,196,35,7.382293939590454,10,30.920758724212646,-387.91092978531464,True,0.0,7,25.406660795211792,-387.9109297852527,True,6.195932655828074e-08,6,23.14107656478882,-387.9109297851184,True,1.9622348190750927e-07,True,True,9,1.0,True,True,0,1,0.8666666666666667,True,True,0,1,0.9500000000000001,True,True,0,3,0.9833333333333333,True,True,0,1,1.0,True,True,0,1,1.0,True,True,0,3
99333,ood,25,206,36,8.917651414871216,10,33.8981077671051,-389.1338245523272,True,0.0,7,27.73496150970459,-389.133824552323,True,4.206412995699793e-09,6,26.288124799728394,-389.1338245523073,True,1.9895196601282805e-08,True,True,9,1.0,True,True,0,1,0.9,True,True,0,3,0.9500000000000001,False,True,1,2,1.0,True,True,0,1,0.9833333333333333,True,True,0,3,1.0,True,True,0,2
111096,ood,23,196,36,7.2725560665130615,10,30.391313552856445,-425.0012651457153,True,0.0,7,24.942657709121704,-425.0012651457337,True,-1.8417267710901797e-08,6,22.60800790786743,-425.0012651457267,True,-1.1368683772161603e-08,True,True,9,0.9833333333333333,True,True,0,1,0.9333333333333332,True,True,0,3,0.9833333333333333,True,True,0,1,0.9833333333333333,True,True,0,1,1.0,True,True,0,3,0.9500000000000001,True,True,0,1
58529,ood,27,216,36,10.505508184432983,9,34.82294583320618,-353.26305163622305,True,0.0,7,31.915130853652954,-353.26305163626034,True,-3.728928277269006e-08,6,29.962090015411377,-353.26305163625375,True,-3.069544618483633e-08,True,True,9,0.8499999999999999,False,True,2,3,0.8166666666666667,False,True,1,4,0.6,True,True,0,2,0.8499999999999999,False,True,2,3,1.0,True,True,0,4,0.8166666666666667,True,True,0,2
116875,ood,24,201,36,8.332777500152588,10,32.671369791030884,-405.12871400203403,True,0.0,7,26.996336698532104,-405.12871400208974,True,-5.5706550483591855e-08,6,24.450337648391724,-405.12871400206757,True,-3.353761712787673e-08,True,True,9,0.9500000000000001,True,True,0,1,0.9833333333333333,True,True,0,2,0.9333333333333332,False,True,1,4,1.0,True,True,0,1,1.0,True,True,0,2,1.0,True,True,0,4
120137,ood,23,196,36,7.355056047439575,10,29.923226356506348,-424.9993270658533,True,0.0,7,25.24700689315796,-424.9993270658632,True,-9.890754881780595e-09,6,22.31694006919861,-424.99932706582274,True,3.058175934711471e-08,True,True,9,1.0,True,True,0,1,0.9,True,True,0,5,0.9666666666666667,True,True,0,2,1.0,True,True,0,1,1.0,True,True,0,5,1.0,True,True,0,2
74968,ood,24,201,35,7.870732545852661,10,33.65392851829529,-368.0332513375326,True,0.0,7,26.762648820877075,-368.03325133754123,True,-8.640199666842818e-09,6,25.736653089523315,-368.0332513375278,True,4.774847184307873e-09,True,True,9,0.9833333333333333,True,True,0,1,1.0,True,True,0,4,0.9833333333333333,True,True,0,2,0.9833333333333333,True,True,0,1,1.0,True,True,0,4,1.0,True,True,0,2
101907,ood,23,196,35,7.15441632270813,10,30.736716747283936,-387.9017923221475,True,0.0,7,25.362684726715088,-387.9017923221913,True,-4.376943252282217e-08,6,23.532566785812378,-387.9017923221781,True,-3.058175934711471e-08,True,True,9,1.0,True,True,0,1,0.5499999999999999,False,True,4,4,0.9,False,False,1,1,1.0,True,True,0,1,1.0,True,True,0,4,1.0,True,True,0,1
111605,ood,25,206,36,8.738892316818237,10,32.944666385650635,-389.13739829817143,True,0.0,7,28.020030736923218,-389.1373982981653,True,6.139089236967266e-09,6,25.691527366638184,-389.1373982981479,True,2.3533175408374518e-08,True,True,9,1.0,True,True,0,1,0.8666666666666667,False,True,1,5,0.9500000000000001,True,True,0,1,1.0,True,True,0,1,1.0,True,True,0,5,1.0,True,True,0,1
107992,ood,23,196,35,7.3346827030181885,11,32.7346510887146,-387.9364840150431,True,0.0,7,25.051324605941772,-387.93648401502253,True,2.05773176276125e-08,6,23.053324222564697,-387.93648401500457,True,3.8539837987627834e-08,True,True,9,0.9833333333333333,True,True,0,1,0.9833333333333333,True,True,0,1,0.9333333333333332,True,True,0,1,1.0,True,True,0,1,1.0,True,True,0,1,0.9833333333333333,True,True,0,1
111824,ood,25,206,36,8.879485130310059,10,34.1489622592926,-389.12991272755056,True,0.0,7,28.19827389717102,-389.129912727507,True,4.354205884737894e-08,6,25.63170075416565,-389.1299127274471,True,1.0345502232667059e-07,True,True,9,1.0,True,True,0,1,0.65,False,False,2,3,0.9,False,False,1,1,1.0,True,True,0,1,1.0,True,True,0,3,1.0,True,True,0,1
86221,ood,24,201,35,8.004873037338257,10,34.10081458091736,-368.0459734304498,True,0.0,7,26.781098127365112,-368.0459734304017,True,4.808953235624358e-08,6,25.777699947357178,-368.045973430364,True,8.58335624798201e-08,True,True,9,1.0,True,True,0,1,0.8333333333333333,True,True,0,3,0.9,False,True,2,2,1.0,True,True,0,1,0.9666666666666667,False,True,1,3,1.0,True,True,0,2
72749,ood,23,196,34,7.445950746536255,10,30.677433967590332,-350.86397395494015,True,0.0,7,25.022019147872925,-350.86397395494254,True,-2.3874235921539366e-09,6,22.932398319244385,-350.86397395493935,True,7.958078640513122e-10,True,True,9,1.0,True,True,0,1,0.9333333333333332,True,True,0,2,0.9833333333333333,True,True,0,1,1.0,True,True,0,1,1.0,True,True,0,2,1.0,True,True,0,1
111495,ood,23,196,35,7.3937907218933105,10,29.69461226463318,-387.9264197502848,True,0.0,7,24.33035373687744,-387.9264197502854,True,-5.684341886080801e-10,6,22.54573893547058,-387.9264197502756,True,9.208633855450898e-09,True,True,9,0.9333333333333332,True,True,0,1,0.7166666666666667,True,True,0,2,0.7166666666666667,False,False,1,1,0.8666666666666667,True,True,0,1,0.9833333333333333,True,True,0,2,1.0,True,True,0,1
116406,ood,27,216,37,9.794259548187256,10,37.964242458343506,-390.357877432223,True,0.0,7,32.12301230430603,-390.3578774322197,True,3.296918293926865e-09,6,29.250043869018555,-390.3578774322112,True,1.1823431123048067e-08,True,True,9,0.9833333333333333,True,True,0,1,0.45,False,False,1,5,0.5166666666666667,True,True,0,2,1.0,True,True,0,1,0.9500000000000001,True,True,0,5,0.9500000000000001,False,True,1,2
120198,ood,25,206,36,8.471546173095703,10,33.514994859695435,-389.1423528725025,True,0.0,7,27.770228385925293,-389.1423528725181,True,-1.5575096767861396e-08,6,25.18690586090088,-389.14235287250693,True,-4.433786671143025e-09,True,True,9,1.0,True,True,0,1,0.48333333333333334,False,False,2,3,0.6166666666666666,False,True,6,4,1.0,True,True,0,1,1.0,True,True,0,3,1.0,True,True,0,4
86213,ood,23,196,35,7.283234119415283,10,30.16533398628235,-387.90743970202675,True,0.0,7,24.869738340377808,-387.9074397020281,True,-1.3642420526593924e-09,6,22.10999369621277,-387.90743970201663,True,1.0118128557223827e-08,True,True,9,1.0,True,True,0,1,0.9500000000000001,False,True,1,3,0.9333333333333332,False,True,1,2,1.0,True,True,0,1,1.0,True,True,0,3,1.0,True,True,0,2
98108,ood,24,201,36,7.964048147201538,10,31.505849838256836,-405.13599255609097,True,0.0,7,25.7193922996521,-405.1359925560814,True,9.549694368615746e-09,6,24.02991533279419,-405.135992556034,True,5.695710569852963e-08,True,True,9,1.0,True,True,0,1,0.7333333333333334,False,False,2,2,0.7999999999999999,False,True,3,4,0.9833333333333333,True,True,0,1,1.0,True,True,0,2,1.0,True,True,0,4
102133,ood,25,206,36,8.610227346420288,10,33.612860918045044,-389.17113676863346,True,0.0,7,27.700681686401367,-389.1711367686312,True,2.2737367544323206e-09,6,24.800344944000244,-389.1711367686213,True,1.2164491636212915e-08,True,True,9,1.0,True,True,0,1,0.9833333333333333,True,True,0,2,0.9666666666666667,True,True,0,2,1.0,True,True,0,1,1.0,True,True,0,2,1.0,True,True,0,2
100509,ood,23,196,36,7.421208620071411,11,31.697866439819336,-425.0288912213032,True,0.0,8,25.88721251487732,-425.02889122127556,True,2.7625901566352695e-08,7,23.815279960632324,-425.02889122126555,True,3.7630343285854906e-08,True,True,9,1.0,True,True,0,1,0.9833333333333333,True,True,0,1,0.9666666666666667,True,True,0,1,1.0,True,True,0,1,1.0,True,True,0,1,1.0,True,True,0,1
82215,ood,23,196,35,7.199225187301636,10,30.910993337631226,-387.92245844228523,True,0.0,7,25.220900058746338,-387.922458442275,True,1.0231815394945443e-08,6,22.939751625061035,-387.92245844226306,True,2.2168933355715126e-08,True,True,9,0.9833333333333333,True,True,0,1,0.9833333333333333,True,True,0,2,0.8166666666666667,True,True,0,1,1.0,True,True,0,1,0.9833333333333333,True,True,0,2,0.9166666666666666,True,True,0,1
116136,ood,24,201,36,8.219143867492676,11,34.54117131233215,-405.2144808181037,True,0.0,8,29.10230827331543,-405.21448081814043,True,-3.672084858408198e-08,7,27.16818857192993,-405.21448081813156,True,-2.7853275241795927e-08,True,True,9,0.9666666666666667,True,True,0,1,0.9666666666666667,True,True,0,1,0.65,True,True,0,1,0.9833333333333333,True,True,0,1,1.0,True,True,0,1,0.6333333333333333,True,True,0,1
116680,ood,23,196,36,7.4712605476379395,10,28.75883197784424,-425.001502696367,True,0.0,7,24.15344786643982,-425.00150269636623,True,7.958078640513122e-10,6,22.278969287872314,-425.0015026963584,True,8.640199666842818e-09,True,True,9,1.0,True,True,0,1,0.9333333333333332,False,True,1,2,0.7166666666666667,True,True,0,2,0.9500000000000001,True,True,0,1,1.0,True,True,0,2,0.9666666666666667,True,True,0,2
111787,ood,23,196,35,7.479661226272583,11,31.979140281677246,-387.9403062821757,True,0.0,8,27.08959674835205,-387.94030628218775,True,-1.2050804798491299e-08,7,24.920748949050903,-387.9403062821848,True,-9.094947017729282e-09,True,True,9,1.0,True,True,0,1,1.0,True,True,0,1,0.9666666666666667,True,True,0,1,1.0,True,True,0,1,1.0,True,True,0,1,0.9833333333333333,True,True,0,1
71314,ood,23,196,34,7.574247598648071,10,30.154841661453247,-350.80191411929036,True,0.0,7,24.797022104263306,-350.8019141192607,True,2.9672264645341784e-08,6,22.162919282913208,-350.80191411922965,True,6.070877134334296e-08,True,True,9,0.9500000000000001,True,True,0,1,0.6,False,True,4,4,0.7,False,False,3,1,1.0,True,True,0,1,1.0,True,True,0,4,1.0,True,True,0,1
72118,ood,23,196,34,7.215763092041016,10,29.921500205993652,-350.82274387873156,True,0.0,7,24.089004039764404,-350.82274387872485,True,6.707523425575346e-09,6,22.079344511032104,-350.8227438787228,True,8.753886504564434e-09,True,True,9,0.9833333333333333,True,True,0,2,0.9666666666666667,True,True,0,2,0.9333333333333332,False,True,1,9,0.9833333333333333,False,True,1,2,0.9833333333333333,False,True,1,2,0.8833333333333333,False,True,1,9
108976,ood,23,196,35,7.44597315788269,10,29.40487265586853,-387.8718649447112,True,0.0,7,24.14506721496582,-387.87186494470836,True,2.8421709430404007e-09,6,21.765876531600952,-387.8718649446889,True,2.2282620193436742e-08,True,True,9,1.0,True,True,0,1,0.9500000000000001,True,True,0,5,0.7833333333333333,True,True,0,1,1.0,True,True,0,1,1.0,True,True,0,5,1.0,True,True,0,1
101042,ood,23,196,36,7.324033737182617,10,29.957310438156128,-425.00681755051096,True,0.0,7,24.311361074447632,-425.00681755053006,True,-1.9099388737231493e-08,6,22.083496809005737,-425.00681755051255,True,-1.5916157281026244e-09,True,True,9,1.0,True,True,0,4,0.7333333333333334,False,True,3,2,0.7833333333333333,False,True,1,3,0.9833333333333333,False,True,1,4,1.0,True,True,0,2,1.0,True,True,0,3
91214,ood,23,196,34,7.669469594955444,10,29.2701997756958,-350.83712152605347,True,0.0,7,24.094744205474854,-350.8371215260403,True,1.318767317570746e-08,6,21.785221815109253,-350.83712152603016,True,2.3305801732931286e-08,True,True,9,1.0,True,True,0,2,0.9666666666666667,False,True,1,2,0.9666666666666667,True,True,0,6,1.0,True,True,0,2,0.9833333333333333,False,True,1,2,0.9833333333333333,True,True,0,6
58068,ood,23,196,36,7.127244472503662,10,28.76266312599182,-425.0400669330077,True,0.0,7,23.75956630706787,-425.0400669330199,True,-1.2164491636212915e-08,6,22.123098134994507,-425.04006693300363,True,4.092726157978177e-09,True,True,9,1.0,True,True,0,1,0.9500000000000001,False,True,1,5,0.9500000000000001,True,True,0,1,1.0,True,True,0,1,1.0,True,True,0,5,1.0,True,True,0,1
57517,ood,23,196,35,7.571059465408325,11,32.91704702377319,-387.94762837749056,True,0.0,7,25.486643314361572,-387.9476283774849,True,5.6843418860808015e-09,6,23.192448616027832,-387.94762837747544,True,1.5120349416974932e-08,True,True,9,1.0,True,True,0,1,0.8666666666666667,True,True,0,1,0.9666666666666667,True,True,0,1,1.0,True,True,0,1,1.0,True,True,0,1,1.0,True,True,0,1
116843,ood,23,196,36,7.543457984924316,10,30.142789125442505,-425.03066840316984,True,0.0,7,24.741408109664917,-425.03066840319644,True,-2.660272002685815e-08,6,22.07940649986267,-425.03066840318917,True,-1.9326762412674725e-08,True,True,9,1.0,True,True,0,1,0.8666666666666667,True,True,0,4,0.7166666666666667,False,False,2,2,1.0,True,True,0,1,1.0,True,True,0,4,1.0,True,True,0,2
73912,ood,23,196,35,7.506495237350464,10,29.832618236541748,-387.9330826573006,True,0.0,8,26.90555691719055,-387.93308265734163,True,-4.104094841750339e-08,7,24.440671920776367,-387.9330826573347,True,-3.410605131648481e-08,True,True,9,1.0,True,True,0,1,0.9333333333333332,True,True,0,1,0.9833333333333333,True,True,0,1,1.0,True,True,0,1,1.0,True,True,0,1,1.0,True,True,0,1
120314,ood,24,201,36,7.628964900970459,10,30.72706413269043,-405.1431243931189,True,0.0,7,25.292346000671387,-405.1431243931561,True,-3.717559593496844e-08,6,23.076374053955078,-405.14312439312573,True,-6.821210263296962e-09,True,True,9,1.0,True,True,0,1,0.8833333333333333,False,True,1,5,0.9666666666666667,True,True,0,4,1.0,True,True,0,1,1.0,True,True,0,5,1.0,True,True,0,4
116499,ood,23,196,36,7.12866997718811,11,31.17591404914856,-425.02879883326995,True,0.0,7,24.176265716552734,-425.0287988331582,True,1.1175416148034856e-07,6,22.039209604263306,-425.028798833154,True,1.1596057447604835e-07,True,True,9,1.0,True,True,0,1,0.9833333333333333,True,True,0,1,1.0,True,True,0,1,1.0,True,True,0,1,1.0,True,True,0,1,1.0,True,True,0,1
82390,ood,23,196,35,7.157022476196289,10,29.373538970947266,-387.9514701473837,True,0.0,7,24.13085412979126,-387.95147014746397,True,-8.026290743146092e-08,6,21.9412202835083,-387.95147014745146,True,-6.775735528208315e-08,True,True,9,1.0,True,True,0,1,0.9500000000000001,True,True,0,1,0.9666666666666667,True,True,0,1,1.0,True,True,0,1,1.0,True,True,0,1,1.0,True,True,0,1
66338,ood,23,196,34,7.224687337875366,9,26.786861419677734,-350.81091572214586,True,0.0,7,24.152897596359253,-350.8109157223231,True,-1.772377800079994e-07,6,22.927177906036377,-350.8109157223116,True,-1.6575540939811617e-07,True,True,9,0.9666666666666667,False,True,1,2,0.9,True,True,0,2,0.9333333333333332,True,True,0,2,0.9833333333333333,True,True,0,2,1.0,True,True,0,2,0.9833333333333333,True,True,0,2
102056,ood,23,196,35,7.438097715377808,10,30.725465059280396,-387.93250974607963,True,0.0,7,25.693652868270874,-387.9325097461315,True,-5.184119800105691e-08,6,22.656872987747192,-387.93250974611453,True,-3.490185918053612e-08,True,True,9,1.0,True,True,0,2,0.9833333333333333,True,True,0,2,0.9833333333333333,True,True,0,2,0.9833333333333333,True,True,0,2,1.0,True,True,0,2,1.0,True,True,0,2
120822,ood,27,216,36,10.085314750671387,9,35.9287850856781,-353.267082859979,True,0.0,7,30.65390706062317,-353.2670828599832,True,-4.206412995699793e-09,6,28.102369785308838,-353.2670828599709,True,8.071765478234738e-09,True,True,9,1.0,True,True,0,2,-0.13333333333333333,False,False,3,2,0.38333333333333336,False,False,2,1,1.0,True,True,0,2,1.0,True,True,0,2,0.9833333333333333,True,True,0,1
62457,ood,23,196,36,7.192837238311768,9,28.271156072616577,-425.0468828877592,True,0.0,6,22.02266764640808,-425.046882887722,True,3.717559593496844e-08,6,21.939250469207764,-425.04688288779965,True,-4.0472514228895307e-08,True,True,9,1.0,True,True,0,2,0.7166666666666667,True,True,0,4,0.8666666666666667,True,True,0,1,1.0,True,True,0,2,0.9500000000000001,False,True,1,4,1.0,True,True,0,1
117731,ood,23,196,36,6.9633872509002686,10,28.126288414001465,-424.99890825176783,True,0.0,7,22.832767963409424,-424.99890825177386,True,-6.0254023992456496e-09,6,21.256932497024536,-424.9989082517486,True,1.921307557495311e-08,True,True,9,1.0,True,True,0,1,0.9166666666666666,False,True,2,3,0.9166666666666666,True,True,0,1,1.0,True,True,0,1,1.0,True,True,0,3,1.0,True,True,0,1
93510,ood,23,196,35,7.443803787231445,10,29.910150051116943,-387.94104264097587,True,0.0,7,24.5734806060791,-387.94104264098064,True,-4.774847184307873e-09,6,22.115100860595703,-387.9410426409735,True,2.3874235921539366e-09,True,True,9,0.9666666666666667,True,True,0,1,0.6666666666666667,False,True,3,5,0.7666666666666667,True,True,0,4,1.0,True,True,0,1,1.0,True,True,0,5,1.0,True,True,0,4
115872,ood,23,196,35,7.252193927764893,10,29.183632850646973,-387.88109435178217,True,0.0,7,23.98535680770874,-387.8810943519235,True,-1.4131273928796872e-07,7,24.362957239151,-387.88109435192894,True,-1.467697074986063e-07,True,True,9,1.0,True,True,0,1,0.7833333333333333,True,True,0,1,0.9500000000000001,True,True,0,1,1.0,True,True,0,1,1.0,True,True,0,1,1.0,True,True,0,1
99476,ood,25,206,36,8.332603693008423,10,33.48395276069641,-389.1594912900633,True,0.0,7,27.854977130889893,-389.1594912900553,True,7.958078640513122e-09,6,25.000600576400757,-389.1594912900346,True,2.864908310584724e-08,True,True,9,1.0,True,True,0,1,0.45,True,True,0,4,0.6666666666666667,True,True,0,3,1.0,True,True,0,1,0.9833333333333333,True,True,0,4,1.0,True,True,0,3
87688,ood,23,196,35,7.159947633743286,10,29.751418828964233,-387.9548227540866,True,0.0,7,24.28613591194153,-387.9548227540898,True,-3.183231456205249e-09,6,21.956133604049683,-387.954822754086,True,5.684341886080801e-10,True,True,9,0.9833333333333333,True,True,0,1,0.8833333333333333,False,True,2,3,0.9166666666666666,True,True,0,1,1.0,True,True,0,1,1.0,True,True,0,3,1.0,True,True,0,1
58530,ood,25,206,36,8.211188077926636,10,32.9878945350647,-389.1341404076978,True,0.0,7,28.67261838912964,-389.1341404076834,True,1.4438228390645236e-08,6,26.079549074172974,-389.13414040764724,True,5.059064278611913e-08,True,True,9,0.9833333333333333,False,True,1,2,0.9333333333333332,True,True,0,4,0.9166666666666666,False,False,1,1,1.0,True,True,0,2,1.0,True,True,0,4,1.0,True,True,0,1
119176,ood,23,196,36,7.4352967739105225,10,30.3160183429718,-425.023923212862,True,0.0,7,24.40463638305664,-425.0239232128788,True,-1.6825651982799172e-08,6,23.591820240020752,-425.02392321286356,True,-1.5916157281026244e-09,True,True,9,0.9666666666666667,True,True,0,1,0.7333333333333334,True,True,0,6,0.6333333333333333,True,True,0,5,1.0,True,True,0,1,1.0,True,True,0,6,1.0,True,True,0,5
58155,ood,23,196,35,7.854802370071411,11,32.48905944824219,-387.97521899084904,True,0.0,7,24.961167097091675,-387.9752189908502,True,-1.1368683772161603e-09,6,22.36516499519348,-387.97521899076526,True,8.378719940083101e-08,True,True,9,0.9500000000000001,True,True,0,1,0.9833333333333333,True,True,0,1,0.9833333333333333,True,True,0,1,1.0,True,True,0,1,1.0,True,True,0,1,1.0,True,True,0,1
113162,ood,25,206,36,8.36921215057373,10,34.51547312736511,-389.1614086337294,True,0.0,7,27.23215889930725,-389.1614086337186,True,1.0800249583553523e-08,6,24.776904344558716,-389.16140863370657,True,2.2851054382044822e-08,True,True,9,1.0,True,True,0,1,0.7833333333333333,True,True,0,1,0.9333333333333332,True,True,0,1,1.0,True,True,0,1,0.9833333333333333,True,True,0,1,0.9500000000000001,True,True,0,1
98981,ood,24,201,36,7.665311574935913,10,30.822150468826294,-405.1431999988491,True,0.0,8,27.64782476425171,-405.1431999989188,True,-6.969003152335063e-08,7,25.626198053359985,-405.14319999891325,True,-6.411937647499144e-08,True,True,9,1.0,True,True,0,1,0.9,True,True,0,2,0.9166666666666666,True,True,0,1,1.0,True,True,0,1,1.0,True,True,0,2,1.0,True,True,0,1
114682,ood,24,201,36,7.522008657455444,10,31.127617120742798,-405.17492886188313,True,0.0,8,29.347532749176025,-405.174928862103,True,-2.198703441536054e-07,7,26.962754726409912,-405.17492886206594,True,-1.8280843505635858e-07,True,True,9,0.9833333333333333,True,True,0,1,0.8833333333333333,False,False,1,1,1.0,True,True,0,1,1.0,True,True,0,1,1.0,True,True,0,1,1.0,True,True,0,1
111718,ood,24,201,35,8.349122285842896,10,32.60646724700928,-368.0396446752871,True,0.0,7,27.146581888198853,-368.0396446752499,True,3.717559593496844e-08,6,25.358277797698975,-368.03964467521695,True,7.014477887423709e-08,True,True,9,0.9833333333333333,True,True,0,1,0.7999999999999999,True,True,0,3,0.9833333333333333,True,True,0,2,1.0,True,True,0,1,1.0,True,True,0,3,1.0,True,True,0,2
58749,ood,27,216,37,9.516836643218994,10,38.053539752960205,-390.36920466942786,True,0.0,7,31.199596881866455,-390.3692046693935,True,3.433342499192804e-08,6,29.16476035118103,-390.36920466936465,True,6.320988177321851e-08,True,True,9,0.9833333333333333,True,True,0,1,0.6,True,True,0,3,0.9333333333333332,True,True,0,1,1.0,True,True,0,1,0.9833333333333333,True,True,0,3,1.0,True,True,0,1
57492,ood,23,196,34,7.1951987743377686,10,29.03216576576233,-350.796299577121,True,0.0,7,23.452484369277954,-350.7962995771654,True,-4.445155354915187e-08,6,21.048644065856934,-350.7962995771559,True,-3.490185918053612e-08,True,True,9,1.0,True,True,0,1,0.9833333333333333,True,True,0,1,0.9166666666666666,False,True,1,4,1.0,True,True,0,1,1.0,True,True,0,1,0.9833333333333333,True,True,0,4
70712,ood,23,196,35,6.9345862865448,10,28.887836933135986,-387.9601842632205,True,0.0,7,24.11315083503723,-387.96018426321996,True,5.684341886080801e-10,6,22.113776922225952,-387.96018426321734,True,3.183231456205249e-09,True,True,9,0.9833333333333333,True,True,0,1,0.9833333333333333,True,True,0,3,0.9666666666666667,True,True,0,2,1.0,True,True,0,1,1.0,True,True,0,3,1.0,True,True,0,2
74921,ood,24,201,35,7.8585991859436035,10,32.93372583389282,-368.03194424250813,True,0.0,8,30.435461282730103,-368.0319442425128,True,-4.661160346586257e-09,7,28.34169030189514,-368.0319442425079,True,2.2737367544323206e-10,True,True,9,0.9333333333333332,True,True,0,1,0.5833333333333334,False,True,2,5,0.75,False,True,3,5,1.0,True,True,0,1,1.0,True,True,0,5,0.9833333333333333,True,True,0,5
112232,ood,23,196,35,7.869880199432373,10,32.27798652648926,-387.9282355174272,True,0.0,7,26.62082529067993,-387.9282355174205,True,6.707523425575346e-09,6,23.639090538024902,-387.9282355173938,True,3.342393029015511e-08,True,True,9,1.0,True,True,0,1,0.9500000000000001,True,True,0,4,0.9666666666666667,False,False,1,1,1.0,True,True,0,1,1.0,True,True,0,4,1.0,True,True,0,1
109244,ood,23,196,34,7.782049655914307,9,28.64834952354431,-350.79541851390275,True,0.0,7,25.53982901573181,-350.7954185140636,True,-1.6086687537608668e-07,6,23.03711199760437,-350.79541851405975,True,-1.5700152289355174e-07,True,True,9,1.0,True,True,0,1,0.7833333333333333,False,True,1,4,0.75,False,False,1,2,1.0,True,True,0,1,1.0,True,True,0,4,1.0,True,True,0,2
58456,ood,23,196,36,7.810187578201294,10,31.70207643508911,-424.9998316230511,True,0.0,7,25.825435876846313,-424.9998316230237,True,2.7398527890909463e-08,6,23.452040672302246,-424.99983162301004,True,4.104094841750339e-08,True,True,9,1.0,True,True,0,1,0.8333333333333333,True,True,0,1,0.9333333333333332,False,False,2,2,1.0,True,True,0,1,1.0,True,True,0,1,0.9833333333333333,True,True,0,2
120859,ood,23,196,35,7.390141725540161,10,30.434704303741455,-387.8996640716768,True,0.0,8,26.62286949157715,-387.899664071721,True,-4.4224179873708636e-08,7,25.1308491230011,-387.8996640716909,True,-1.4097167877480388e-08,True,True,9,0.9500000000000001,True,True,0,2,-0.2833333333333333,False,False,8,1,0.38333333333333336,False,True,3,3,1.0,True,True,0,2,0.9833333333333333,True,True,0,1,0.9833333333333333,True,True,0,3
116069,ood,27,216,37,10.140114784240723,9,37.35705375671387,-390.36902623849153,True,0.0,7,33.07382392883301,-390.3690262387404,True,-2.488604877726175e-07,6,30.028509855270386,-390.3690262387187,True,-2.2714630176778883e-07,True,True,9,1.0,True,True,0,1,0.45,False,False,5,5,0.7666666666666667,False,False,3,4,1.0,True,True,0,1,1.0,True,True,0,5,1.0,True,True,0,4
112639,ood,23,196,35,7.261392116546631,10,31.622674703598022,-387.92490006916825,True,0.0,7,25.703693389892578,-387.92490006917745,True,-9.208633855450898e-09,6,22.505319833755493,-387.9249000691728,True,-4.547473508864641e-09,True,True,9,1.0,True,True,0,1,0.8666666666666667,True,True,0,4,0.8666666666666667,True,True,0,1,1.0,True,True,0,1,1.0,True,True,0,4,1.0,True,True,0,1
85930,ood,25,206,35,8.588900089263916,9,31.947760581970215,-352.0366934646573,True,0.0,7,29.20892858505249,-352.03669346480166,True,-1.4438228390645236e-07,6,25.495508909225464,-352.03669346478654,True,-1.2926193448947743e-07,True,True,9,0.9833333333333333,True,True,0,3,0.9833333333333333,True,True,0,3,0.9833333333333333,True,True,0,4,0.9833333333333333,True,True,0,3,1.0,True,True,0,3,1.0,True,True,0,4
120833,ood,25,206,36,8.292116403579712,10,32.478379011154175,-389.1236943476489,True,0.0,7,26.148386240005493,-389.1236943476131,True,3.581135388230905e-08,6,24.081437826156616,-389.1236943475749,True,7.401013135677204e-08,True,True,9,1.0,True,True,0,1,0.09999999999999999,False,False,3,2,0.2833333333333333,False,False,1,2,1.0,True,True,0,1,1.0,True,True,0,2,1.0,True,True,0,2
59764,ood,23,196,35,7.215719699859619,11,31.142208099365234,-387.89089955941796,True,0.0,7,24.073078870773315,-387.8908995593968,True,2.114575181622058e-08,6,22.84444308280945,-387.8908995593744,True,4.354205884737894e-08,True,True,9,1.0,True,True,0,1,0.9833333333333333,True,True,0,1,0.9833333333333333,False,True,1,2,1.0,True,True,0,1,1.0,True,True,0,1,1.0,True,True,0,2
119956,ood,25,206,36,8.897507905960083,10,34.89232563972473,-389.1228770519487,True,0.0,7,29.59528112411499,-389.1228770519472,True,1.4779288903810084e-09,6,27.000178337097168,-389.12287705193904,True,9.663381206337363e-09,True,True,9,1.0,True,True,0,1,0.8666666666666667,True,True,0,3,0.7999999999999999,True,True,0,2,1.0,True,True,0,1,1.0,True,True,0,3,1.0,True,True,0,2
111359,ood,23,196,34,7.776064872741699,9,28.765478134155273,-350.79588160765184,True,0.0,7,25.594533443450928,-350.7958816077662,True,-1.1436895874794573e-07,6,23.240962982177734,-350.79588160772823,True,-7.639755494892597e-08,True,True,9,1.0,True,True,0,2,0.25,False,False,6,3,0.5333333333333333,True,True,0,3,1.0,True,True,0,2,1.0,True,True,0,3,0.9666666666666667,False,True,1,3
120965,ood,23,196,35,7.705381155014038,10,30.467178106307983,-387.88851035748127,True,0.0,8,27.230570793151855,-387.88851035757006,True,-8.878942026058212e-08,7,25.680514335632324,-387.88851035756835,True,-8.708411769475788e-08,True,True,9,0.9500000000000001,True,True,0,1,0.3,True,True,0,1,0.5833333333333334,True,True,0,1,1.0,True,True,0,1,1.0,True,True,0,1,1.0,True,True,0,1
115961,ood,23,196,36,7.705205202102661,10,30.963335037231445,-424.9948968291445,True,0.0,7,25.243112564086914,-424.99489682914884,True,-4.320099833421409e-09,6,23.045586585998535,-424.9948968291377,True,6.821210263296962e-09,True,True,9,0.9833333333333333,True,True,0,1,1.0,True,True,0,6,0.9333333333333332,True,True,0,1,0.9666666666666667,True,True,0,1,1.0,True,True,0,6,1.0,True,True,0,1
75855,ood,23,196,35,7.55785608291626,10,31.191087007522583,-387.90977822368586,True,0.0,7,25.883864641189575,-387.9097782236986,True,-1.2732925824820995e-08,6,23.76408863067627,-387.90977822368586,True,0.0,True,True,9,0.9833333333333333,True,True,0,1,0.8499999999999999,True,True,0,3,0.8666666666666667,False,True,1,2,1.0,True,True,0,1,1.0,True,True,0,3,1.0,True,True,0,2
93927,ood,23,196,35,8.037498235702515,10,32.12827777862549,-387.95085707808386,True,0.0,8,28.335536241531372,-387.9508570781125,True,-2.864908310584724e-08,7,25.646188974380493,-387.9508570781108,True,-2.6943780540023e-08,True,True,9,0.9833333333333333,True,True,0,1,0.9833333333333333,True,True,0,2,0.9500000000000001,True,True,0,1,1.0,True,True,0,1,0.9833333333333333,False,True,1,2,0.9666666666666667,True,True,0,1
103312,ood,25,206,35,8.361338376998901,9,30.31861424446106,-352.02584016814376,True,0.0,7,27.651583671569824,-352.0258401683209,True,-1.7712409317027777e-07,6,26.141239881515503,-352.0258401683062,True,-1.624584911041893e-07,True,True,9,0.9833333333333333,True,True,0,1,0.7999999999999999,True,True,0,1,0.8166666666666667,False,False,1,1,1.0,True,True,0,1,1.0,True,True,0,1,0.9833333333333333,True,True,0,1
97607,ood,23,196,35,7.7205047607421875,11,33.882811307907104,-384.1206640674468,True,0.0,7,26.335175037384033,-384.1206640675,True,-5.32054400537163e-08,6,24.695279121398926,-384.1206640674818,True,-3.501554601825774e-08,True,True,9,0.9500000000000001,True,True,0,1,0.7999999999999999,True,True,0,2,0.9833333333333333,False,True,1,2,1.0,True,True,0,1,1.0,True,True,0,2,1.0,True,True,0,2
56868,ood,23,196,35,7.634100914001465,10,32.417431592941284,-387.88638744692616,True,0.0,7,26.164860248565674,-387.8863874469389,True,-1.2732925824820995e-08,6,23.574633598327637,-387.8863874469314,True,-5.229594535194337e-09,True,True,9,0.9833333333333333,True,True,0,1,0.9833333333333333,True,True,0,3,0.9,False,False,1,2,1.0,True,True,0,1,1.0,True,True,0,3,1.0,True,True,0,2
115834,ood,23,196,37,7.807870149612427,10,31.229034423828125,-462.1098210809447,True,0.0,7,25.6765239238739,-462.10982108098256,True,-3.785771696129814e-08,6,23.996017932891846,-462.1098210809748,True,-3.012701199622825e-08,True,True,9,0.9833333333333333,True,True,0,2,0.9666666666666667,True,True,0,6,0.9333333333333332,True,True,0,2,0.9833333333333333,True,True,0,2,1.0,True,True,0,6,1.0,True,True,0,2
101422,ood,23,196,35,7.8417651653289795,10,31.631071090698242,-387.8971573762825,True,0.0,7,25.46892786026001,-387.8971573762409,True,4.160938260611147e-08,6,23.28630018234253,-387.8971573762159,True,6.6620486904867e-08,True,True,9,0.9833333333333333,True,True,0,2,0.38333333333333336,False,False,2,2,0.48333333333333334,False,False,2,1,1.0,True,True,0,2,1.0,True,True,0,2,1.0,True,True,0,1
58856,ood,26,211,36,9.509413242340088,9,34.24715518951416,-369.2695783933045,True,0.0,7,31.020184755325317,-369.2695783934363,True,-1.3176304491935298e-07,6,28.86181950569153,-369.2695783932951,True,9.43600753089413e-09,True,True,9,0.9666666666666667,True,True,0,1,0.13333333333333333,False,False,1,4,0.2333333333333333,False,False,2,3,1.0,True,True,0,1,0.9833333333333333,True,True,0,4,0.9833333333333333,True,True,0,3
120205,ood,23,196,36,7.926365613937378,10,30.88808012008667,-425.00246992890624,True,0.0,7,23.257333755493164,-425.00246992886395,True,4.229150363244116e-08,6,13.971123695373535,-425.0024699288347,True,7.150902092689648e-08,True,True,9,1.0,True,True,0,1,0.15,False,True,6,7,0.6833333333333333,False,True,4,4,1.0,True,True,0,1,1.0,True,True,0,7,0.9500000000000001,True,True,0,4
66722,ood,25,206,35,5.252980947494507,9,19.61091709136963,-352.0527791372591,True,0.0,7,17.655014991760254,-352.0527791373703,True,-1.1118572729174048e-07,6,15.985781908035278,-352.05277913736734,True,-1.0822986951097846e-07,True,True,9,0.9666666666666667,True,True,0,1,0.9666666666666667,True,True,0,3,0.75,True,True,0,1,1.0,True,True,0,1,1.0,True,True,0,3,0.9833333333333333,True,True,0,1
116798,ood,23,196,36,4.474467515945435,10,18.346667528152466,-425.01047018984383,True,0.0,7,15.035576343536377,-425.0104701898435,True,3.410605131648481e-10,6,13.583155155181885,-425.01047018983155,True,1.2278178473934531e-08,True,True,9,1.0,True,True,0,1,0.9500000000000001,True,True,0,2,0.9666666666666667,True,True,0,1,1.0,True,True,0,1,1.0,True,True,0,2,1.0,True,True,0,1
83147,ood,23,196,34,4.4677345752716064,10,18.329983949661255,-350.8470869274506,True,0.0,7,14.799818992614746,-350.84708692744016,True,1.0459189070388675e-08,6,13.47567367553711,-350.8470869274339,True,1.6711965145077556e-08,True,True,9,1.0,True,True,0,2,0.9833333333333333,True,True,0,2,0.9500000000000001,True,True,0,7,1.0,True,True,0,2,1.0,True,True,0,2,0.9833333333333333,True,True,0,7
62803,ood,23,196,35,7.690106391906738,10,32.11553144454956,-387.93644096956234,True,0.0,7,26.07487988471985,-387.9364409694431,True,1.1925749276997522e-07,6,23.738073110580444,-387.93644096937123,True,1.9110757421003655e-07,True,True,9,1.0,True,True,0,1,0.9500000000000001,True,True,0,2,0.7166666666666667,True,True,0,2,1.0,True,True,0,1,1.0,True,True,0,2,1.0,True,True,0,2
112553,ood,25,206,35,8.951615571975708,9,33.10473036766052,-352.04936284051485,True,0.0,7,29.657315969467163,-352.0493628406457,True,-1.3085355021758005e-07,6,26.675812005996704,-352.04936284064024,True,-1.2539658200694248e-07,True,True,9,1.0,True,True,0,1,0.9500000000000001,True,True,0,3,0.75,True,True,0,1,1.0,True,True,0,1,0.9833333333333333,True,True,0,3,1.0,True,True,0,1
104746,ood,23,196,35,7.620271921157837,10,32.002153158187866,-387.94010626926945,True,0.0,7,25.99338984489441,-387.94010626926877,True,6.821210263296962e-10,6,23.419389963150024,-387.9401062692584,True,1.1027623258996755e-08,True,True,9,0.9833333333333333,False,True,1,2,0.8166666666666667,True,True,0,1,0.9666666666666667,True,True,0,2,0.9500000000000001,True,True,0,2,1.0,True,True,0,1,0.9833333333333333,True,True,0,2
106161,ood,25,206,35,9.096881866455078,10,35.28883767127991,-352.03661393472044,True,0.0,7,29.436232805252075,-352.03661393471043,True,1.000444171950221e-08,6,27.558717966079712,-352.0366139347026,True,1.7848833522293717e-08,True,True,9,0.9500000000000001,False,True,1,2,0.5666666666666667,True,True,0,2,0.43333333333333335,True,True,0,1,1.0,True,True,0,2,1.0,True,True,0,2,1.0,True,True,0,1
99380,ood,23,196,35,7.5041375160217285,10,32.32466435432434,-387.8878521595621,True,0.0,7,26.070440769195557,-387.8878521595262,True,3.5925040720030665e-08,6,23.579827070236206,-387.8878521594781,True,8.401457307627425e-08,True,True,9,0.9333333333333332,True,True,0,2,0.65,False,False,1,4,0.7666666666666667,False,False,1,1,0.9833333333333333,False,True,1,2,0.9833333333333333,True,True,0,4,0.9666666666666667,True,True,0,1
104555,ood,25,206,35,9.168013572692871,9,25.897010564804077,-352.05560018012994,True,0.0,7,17.62105107307434,-352.05560018023306,True,-1.0311396181350574e-07,6,16.028830528259277,-352.05560018023,True,-1.000444171950221e-07,True,True,9,1.0,True,True,0,1,0.9,True,True,0,2,0.9333333333333332,True,True,0,2,1.0,True,True,0,1,1.0,True,True,0,2,1.0,True,True,0,2
102048,ood,23,196,35,4.488630056381226,10,18.895661115646362,-387.9385900090484,True,0.0,8,16.825423002243042,-387.9385900090906,True,-4.217781679471955e-08,7,15.152668476104736,-387.93859000909174,True,-4.331468517193571e-08,True,True,9,1.0,True,True,0,2,0.9833333333333333,True,True,0,2,0.9833333333333333,True,True,0,1,1.0,True,True,0,2,1.0,True,True,0,2,0.9833333333333333,True,True,0,1
112522,ood,23,196,35,4.475136756896973,10,18.322652101516724,-387.8958927940272,True,0.0,7,15.092011213302612,-387.89589279402264,True,4.547473508864641e-09,6,13.599966526031494,-387.8958927940049,True,2.2282620193436742e-08,True,True,9,1.0,True,True,0,1,0.9666666666666667,True,True,0,2,0.9166666666666666,True,True,0,1,1.0,True,True,0,1,1.0,True,True,0,2,1.0,True,True,0,1
120465,ood,23,196,36,4.3646461963653564,10,17.608997106552124,-425.0282137800997,True,0.0,7,14.336427927017212,-425.02821378007513,True,2.4556356947869062e-08,6,13.09644865989685,-425.02821378003216,True,6.752998160663992e-08,True,True,9,1.0,True,True,0,1,0.5333333333333333,False,True,2,4,0.7166666666666667,True,True,0,3,1.0,True,True,0,1,1.0,True,True,0,4,1.0,True,True,0,3
114180,ood,23,196,36,4.306508541107178,10,17.54675841331482,-425.0167284155862,True,0.0,7,14.296442985534668,-425.0167284155943,True,-8.071765478234738e-09,6,13.1678307056427,-425.01672841558474,True,1.4779288903810084e-09,True,True,9,1.0,True,True,0,1,0.8166666666666667,False,True,1,3,0.6666666666666667,True,True,0,2,1.0,True,True,0,1,0.9833333333333333,True,True,0,3,1.0,True,True,0,2
